"A","R","N","D","C","E","Q","G","H","I","L","K","M","F","P","S","T","W","Y","V"
0.0476190476190476,0,0.0476190476190476,0.0476190476190476,0,0,0.0476190476190476,0.142857142857143,0,0.142857142857143,0.0952380952380952,0.142857142857143,0.0476190476190476,0.0476190476190476,0,0.0476190476190476,0.0476190476190476,0.0476190476190476,0,0.0476190476190476
0.333333333333333,0,0,0,0,0,0,0.142857142857143,0,0.0952380952380952,0.0952380952380952,0.19047619047619,0.0476190476190476,0,0,0.0476190476190476,0,0,0,0.0476190476190476
0,0.135135135135135,0.027027027027027,0.0540540540540541,0,0.0810810810810811,0.027027027027027,0.0540540540540541,0,0.0810810810810811,0.162162162162162,0.162162162162162,0,0.0540540540540541,0.027027027027027,0.0540540540540541,0.027027027027027,0,0,0.0540540540540541
0,0.130434782608696,0,0.0434782608695652,0,0.0869565217391304,0.0434782608695652,0.0869565217391304,0,0.0869565217391304,0.173913043478261,0.217391304347826,0,0.0434782608695652,0,0.0434782608695652,0,0,0,0.0434782608695652
0,0.2,0.05,0.05,0,0.05,0.05,0,0,0.1,0.1,0.1,0,0.05,0.05,0.05,0.05,0,0,0.1
0,0.142857142857143,0,0.0476190476190476,0,0.0952380952380952,0.0476190476190476,0.0476190476190476,0,0.142857142857143,0.0476190476190476,0.238095238095238,0,0.0952380952380952,0,0.0476190476190476,0,0,0,0.0476190476190476
0,0.230769230769231,0,0.0769230769230769,0,0,0.0769230769230769,0,0,0.153846153846154,0.0769230769230769,0.153846153846154,0,0.153846153846154,0,0,0,0,0,0.0769230769230769
0,0.230769230769231,0,0.0769230769230769,0,0,0.0769230769230769,0,0,0.153846153846154,0.0769230769230769,0.153846153846154,0,0.153846153846154,0,0,0,0,0,0.0769230769230769
0,0.25,0,0.0833333333333333,0,0,0.0833333333333333,0,0,0.166666666666667,0.0833333333333333,0.166666666666667,0,0.0833333333333333,0,0,0,0,0,0.0833333333333333
0,0.176470588235294,0.0588235294117647,0.0588235294117647,0,0,0.0588235294117647,0.0588235294117647,0,0.117647058823529,0.117647058823529,0.117647058823529,0,0.117647058823529,0,0,0,0,0,0.117647058823529
0,0.15,0.05,0.05,0,0.05,0.05,0.05,0,0.15,0.1,0.15,0,0.1,0,0,0,0,0,0.1
0,0.15,0.05,0.05,0,0.05,0.05,0.05,0,0.15,0.1,0.15,0,0.05,0,0,0,0.05,0,0.1
0,0.15,0.05,0.05,0,0,0.1,0.05,0,0.15,0.1,0.15,0,0.1,0,0,0,0,0,0.1
0,0.15,0.05,0.05,0,0.1,0.05,0.05,0,0.1,0.1,0.15,0,0.15,0,0,0,0,0,0.05
0,0.166666666666667,0,0,0,0,0,0.0555555555555556,0,0.0555555555555556,0.0555555555555556,0.333333333333333,0,0.222222222222222,0.0555555555555556,0.0555555555555556,0,0,0,0
0,0.166666666666667,0,0,0,0,0,0.0555555555555556,0,0.111111111111111,0.111111111111111,0.388888888888889,0,0.111111111111111,0,0.0555555555555556,0,0,0,0
0,0.2,0,0,0,0,0,0.0666666666666667,0,0,0.0666666666666667,0.4,0,0.266666666666667,0,0,0,0,0,0
0,0.5,0,0,0,0,0,0,0,0,0.5,0,0,0,0,0,0,0,0,0
0.117647058823529,0.352941176470588,0,0,0,0,0,0,0,0,0.352941176470588,0.0588235294117647,0.0588235294117647,0,0.0588235294117647,0,0,0,0,0
0.0869565217391304,0,0.0434782608695652,0,0,0.0434782608695652,0,0.173913043478261,0.0434782608695652,0.0869565217391304,0.0434782608695652,0.173913043478261,0.0434782608695652,0.130434782608696,0,0.0869565217391304,0,0,0,0.0434782608695652
0,0.153846153846154,0,0,0,0,0,0,0,0.0769230769230769,0.0769230769230769,0.0769230769230769,0,0,0.230769230769231,0,0,0.384615384615385,0,0
0,0.0769230769230769,0,0,0,0,0,0.153846153846154,0,0.153846153846154,0.307692307692308,0,0,0.0769230769230769,0.0769230769230769,0.0769230769230769,0,0,0,0.0769230769230769
0.1,0.05,0,0,0,0.1,0.05,0,0,0,0.1,0.3,0.1,0,0,0.1,0,0.05,0.05,0
0,0.210526315789474,0,0,0,0,0,0.0526315789473684,0.0526315789473684,0.0526315789473684,0,0.0526315789473684,0,0,0.315789473684211,0.105263157894737,0.0526315789473684,0,0.0526315789473684,0.0526315789473684
0,0.0344827586206897,0.0689655172413793,0,0.206896551724138,0.0344827586206897,0,0.172413793103448,0,0,0.0344827586206897,0,0,0,0.103448275862069,0.0344827586206897,0.172413793103448,0.0344827586206897,0,0.103448275862069
0,0.0454545454545455,0,0,0,0,0,0.136363636363636,0.181818181818182,0.136363636363636,0.0454545454545455,0.0909090909090909,0,0.136363636363636,0,0,0.0909090909090909,0,0,0.136363636363636
0.133333333333333,0.133333333333333,0,0,0.2,0.0333333333333333,0.0333333333333333,0.1,0,0.1,0.0333333333333333,0,0,0.0333333333333333,0.0333333333333333,0,0.0333333333333333,0.0333333333333333,0.1,0
0,0.277777777777778,0,0,0.333333333333333,0,0,0.111111111111111,0,0.0555555555555556,0.0555555555555556,0,0,0.0555555555555556,0,0,0.0555555555555556,0,0,0.0555555555555556
0,0.222222222222222,0,0,0.333333333333333,0,0,0.111111111111111,0,0.111111111111111,0,0,0,0.111111111111111,0,0,0.111111111111111,0,0,0
0.148148148148148,0,0.037037037037037,0,0,0.037037037037037,0,0.185185185185185,0,0.0740740740740741,0.148148148148148,0.148148148148148,0,0,0,0.037037037037037,0.111111111111111,0,0.037037037037037,0.037037037037037
0.148148148148148,0,0,0,0,0.037037037037037,0,0.185185185185185,0.037037037037037,0.0740740740740741,0.185185185185185,0.148148148148148,0,0,0,0.0740740740740741,0.0740740740740741,0,0.037037037037037,0
0.222222222222222,0,0.037037037037037,0,0,0.037037037037037,0,0.185185185185185,0,0.037037037037037,0.185185185185185,0.148148148148148,0,0,0,0.037037037037037,0,0,0.037037037037037,0.0740740740740741
0.111111111111111,0,0,0,0,0.037037037037037,0.037037037037037,0.148148148148148,0,0.0740740740740741,0.148148148148148,0.148148148148148,0,0.0740740740740741,0,0.0740740740740741,0.0740740740740741,0,0.037037037037037,0.037037037037037
0.0967741935483871,0.161290322580645,0.032258064516129,0,0.193548387096774,0.032258064516129,0,0.161290322580645,0,0.0645161290322581,0.0967741935483871,0,0,0,0,0.032258064516129,0.032258064516129,0,0.0645161290322581,0.032258064516129
0.0476190476190476,0.238095238095238,0,0,0,0,0.0476190476190476,0.0952380952380952,0.0476190476190476,0,0.142857142857143,0.0476190476190476,0,0.0476190476190476,0.0476190476190476,0.0952380952380952,0.0476190476190476,0,0,0.0952380952380952
0.0740740740740741,0,0.0740740740740741,0.0740740740740741,0.0740740740740741,0,0,0.0740740740740741,0.037037037037037,0.037037037037037,0.148148148148148,0.185185185185185,0.0740740740740741,0,0,0,0.0740740740740741,0,0,0.0740740740740741
0.235294117647059,0,0,0.0294117647058824,0,0,0.0588235294117647,0.117647058823529,0.0294117647058824,0.0294117647058824,0.147058823529412,0.117647058823529,0.0588235294117647,0,0,0.0294117647058824,0.117647058823529,0.0294117647058824,0,0
0,0,0,0,0,0,0,0,0,0.0714285714285714,0.285714285714286,0.0714285714285714,0,0.214285714285714,0.0714285714285714,0.142857142857143,0.0714285714285714,0,0,0.0714285714285714
0.024390243902439,0.0487804878048781,0,0.024390243902439,0.146341463414634,0,0.024390243902439,0.146341463414634,0.024390243902439,0.0731707317073171,0.0487804878048781,0.121951219512195,0,0.024390243902439,0.121951219512195,0.024390243902439,0.0731707317073171,0,0.024390243902439,0.0487804878048781
0.08,0,0,0,0,0.04,0,0.08,0.12,0.04,0.2,0.04,0,0,0.08,0.08,0,0,0,0.24
0.142857142857143,0.238095238095238,0,0,0,0.0952380952380952,0.0476190476190476,0.0476190476190476,0,0,0.0476190476190476,0.19047619047619,0,0.0476190476190476,0,0.0952380952380952,0,0,0,0.0476190476190476
0.04,0.12,0,0.08,0,0,0.04,0,0.04,0.04,0.28,0.16,0.04,0,0,0,0.04,0,0,0.12
0.0769230769230769,0.0256410256410256,0.0512820512820513,0,0,0,0.0256410256410256,0.102564102564103,0,0.0512820512820513,0.179487179487179,0.179487179487179,0.0256410256410256,0.0256410256410256,0.0512820512820513,0,0.102564102564103,0.0256410256410256,0,0.0769230769230769
0.130434782608696,0.0434782608695652,0,0.0434782608695652,0.0434782608695652,0,0,0.173913043478261,0,0,0.0869565217391304,0.130434782608696,0,0.0434782608695652,0,0.0869565217391304,0,0.0434782608695652,0.0869565217391304,0.0869565217391304
0,0,0,0,0.0952380952380952,0,0,0.285714285714286,0,0,0.285714285714286,0.0952380952380952,0,0,0,0.0952380952380952,0,0,0,0.142857142857143
0.0476190476190476,0.0476190476190476,0,0,0.0476190476190476,0,0,0.285714285714286,0.0476190476190476,0.0952380952380952,0.238095238095238,0.0476190476190476,0,0,0,0.0952380952380952,0,0,0,0.0476190476190476
0,0.1,0.2,0.1,0,0,0.1,0,0,0.1,0,0,0,0.2,0,0.1,0,0,0.1,0
0.0727272727272727,0.0909090909090909,0.163636363636364,0.163636363636364,0,0.0545454545454545,0.0363636363636364,0.0363636363636364,0.0181818181818182,0,0,0.109090909090909,0,0.0545454545454545,0.0181818181818182,0,0,0,0.0727272727272727,0.109090909090909
0,0.151515151515152,0.0303030303030303,0,0.181818181818182,0.0303030303030303,0,0.0909090909090909,0,0.0303030303030303,0.0909090909090909,0,0,0.0606060606060606,0,0.0606060606060606,0.0909090909090909,0,0.0303030303030303,0.151515151515152
0.1,0,0.1,0.2,0.1,0.1,0,0,0,0,0.1,0.1,0,0,0,0,0.1,0,0.1,0
0.1,0,0.1,0.1,0,0.1,0.1,0,0,0,0.1,0.1,0,0,0,0,0.2,0,0.1,0
0.105263157894737,0.157894736842105,0,0,0,0,0.0526315789473684,0.210526315789474,0,0,0,0.263157894736842,0,0,0,0.105263157894737,0.0526315789473684,0,0,0.0526315789473684
0.108108108108108,0.0540540540540541,0.027027027027027,0.027027027027027,0.0540540540540541,0,0.027027027027027,0.135135135135135,0,0.0540540540540541,0.108108108108108,0.135135135135135,0,0.0810810810810811,0,0.108108108108108,0,0,0,0.0810810810810811
0.238095238095238,0,0,0,0,0.0476190476190476,0,0.0952380952380952,0.0952380952380952,0.0476190476190476,0.0952380952380952,0.0476190476190476,0,0.0952380952380952,0.0476190476190476,0,0,0,0,0.19047619047619
0,0.166666666666667,0.111111111111111,0,0,0,0.0555555555555556,0.0555555555555556,0.0555555555555556,0.111111111111111,0,0,0,0,0.333333333333333,0,0,0,0.0555555555555556,0.0555555555555556
0,0.2,0.0666666666666667,0.133333333333333,0,0,0,0,0,0,0,0.0666666666666667,0.0666666666666667,0,0.333333333333333,0,0,0,0.0666666666666667,0.0666666666666667
0.0769230769230769,0.0769230769230769,0,0.0769230769230769,0,0,0,0.0769230769230769,0.0769230769230769,0.0769230769230769,0,0.153846153846154,0,0.153846153846154,0,0,0,0.0769230769230769,0,0.153846153846154
0.142857142857143,0.142857142857143,0,0,0,0,0,0,0,0.142857142857143,0.214285714285714,0.285714285714286,0,0,0,0,0,0.0714285714285714,0,0
0.0714285714285714,0.214285714285714,0,0,0,0,0,0.0714285714285714,0,0.0714285714285714,0.142857142857143,0.0714285714285714,0,0.0714285714285714,0.0714285714285714,0,0.142857142857143,0,0,0.0714285714285714
0,0.0769230769230769,0,0,0,0,0,0.0769230769230769,0,0.153846153846154,0.153846153846154,0.230769230769231,0,0.230769230769231,0,0,0,0,0,0.0769230769230769
0.0769230769230769,0,0,0.0769230769230769,0,0.0769230769230769,0,0.0769230769230769,0,0.230769230769231,0.0769230769230769,0.153846153846154,0,0.0769230769230769,0,0.0769230769230769,0,0.0769230769230769,0,0
0.0833333333333333,0,0,0,0,0.0416666666666667,0,0.166666666666667,0,0.0833333333333333,0.25,0.25,0,0,0,0,0.0416666666666667,0.0416666666666667,0,0.0416666666666667
0.04,0.12,0.08,0,0,0.08,0.04,0.04,0.04,0.04,0.2,0.16,0,0,0,0.04,0,0,0.04,0.08
0.0476190476190476,0,0,0,0,0,0,0.19047619047619,0.0952380952380952,0.0476190476190476,0.19047619047619,0,0,0.0476190476190476,0.0476190476190476,0.0952380952380952,0,0,0,0.238095238095238
0.12,0.16,0.04,0.04,0,0.04,0,0.16,0,0.04,0.04,0.08,0,0.08,0,0.08,0,0.08,0.04,0
0.157894736842105,0,0,0.0526315789473684,0,0,0,0.105263157894737,0,0,0.210526315789474,0.210526315789474,0,0.105263157894737,0,0,0.0526315789473684,0,0,0.105263157894737
0.0588235294117647,0.235294117647059,0,0,0,0,0,0,0,0.0588235294117647,0.176470588235294,0.0588235294117647,0,0.176470588235294,0,0.117647058823529,0,0,0.0588235294117647,0.0588235294117647
0,0.0869565217391304,0.0869565217391304,0,0,0.0869565217391304,0.0869565217391304,0.0434782608695652,0.0869565217391304,0.0434782608695652,0.173913043478261,0.0869565217391304,0,0.0434782608695652,0.130434782608696,0,0,0,0,0.0434782608695652
0,0.0434782608695652,0.0434782608695652,0,0,0,0.0434782608695652,0.130434782608696,0.173913043478261,0.0869565217391304,0.0434782608695652,0,0,0.217391304347826,0,0.0434782608695652,0,0,0,0.173913043478261
0.105263157894737,0,0.0526315789473684,0.105263157894737,0,0,0,0.105263157894737,0,0,0.105263157894737,0.157894736842105,0,0.105263157894737,0,0.0526315789473684,0,0,0,0.210526315789474
0.16,0,0,0,0,0,0.08,0.04,0.08,0.04,0.24,0.2,0,0.04,0,0.04,0.04,0.04,0,0
0.285714285714286,0,0.0714285714285714,0,0,0,0,0,0,0.142857142857143,0.285714285714286,0.214285714285714,0,0,0,0,0,0,0,0
0.0555555555555556,0,0,0,0,0,0,0.0555555555555556,0.0555555555555556,0.0555555555555556,0.166666666666667,0.222222222222222,0.111111111111111,0.0555555555555556,0.0555555555555556,0.0555555555555556,0,0,0,0.111111111111111
0,0.0909090909090909,0,0,0,0,0,0.136363636363636,0.181818181818182,0.136363636363636,0.0454545454545455,0.0454545454545455,0,0.136363636363636,0,0,0.0909090909090909,0,0,0.136363636363636
0.0416666666666667,0,0.125,0,0,0.0416666666666667,0.0833333333333333,0.0833333333333333,0.0833333333333333,0.0833333333333333,0.166666666666667,0.125,0,0.0416666666666667,0,0,0.0416666666666667,0,0,0.0833333333333333
0.157894736842105,0,0.0526315789473684,0,0,0,0,0.105263157894737,0.105263157894737,0,0,0.210526315789474,0,0.157894736842105,0,0.105263157894737,0.0526315789473684,0,0,0.0526315789473684
0,0.277777777777778,0,0,0.222222222222222,0,0,0.0555555555555556,0,0,0,0.166666666666667,0,0,0,0,0,0.0555555555555556,0.222222222222222,0
0,0.0344827586206897,0.0689655172413793,0,0.206896551724138,0.0344827586206897,0,0.172413793103448,0,0.0344827586206897,0.0344827586206897,0,0,0,0.103448275862069,0.0689655172413793,0.137931034482759,0.0344827586206897,0,0.0689655172413793
0,0.032258064516129,0.0645161290322581,0.032258064516129,0.193548387096774,0.032258064516129,0,0.129032258064516,0,0,0.0967741935483871,0.0645161290322581,0,0,0,0.032258064516129,0.193548387096774,0,0.0645161290322581,0.0645161290322581
0.032258064516129,0,0.0645161290322581,0,0.193548387096774,0.0645161290322581,0,0.0645161290322581,0,0.0967741935483871,0.032258064516129,0.0645161290322581,0.032258064516129,0.0645161290322581,0,0.161290322580645,0.032258064516129,0,0.032258064516129,0.0645161290322581
0,0.222222222222222,0,0,0.222222222222222,0,0,0.222222222222222,0.111111111111111,0,0.111111111111111,0,0,0,0,0,0,0.111111111111111,0,0
0,0.222222222222222,0,0,0.222222222222222,0,0,0.222222222222222,0,0,0,0.222222222222222,0,0,0,0,0,0.111111111111111,0,0
0,0.157894736842105,0,0,0.210526315789474,0,0,0.263157894736842,0,0,0,0.105263157894737,0,0,0,0.0526315789473684,0.0526315789473684,0.0526315789473684,0.105263157894737,0
0.0533333333333333,0.0533333333333333,0.04,0.0666666666666667,0.12,0.0666666666666667,0.0266666666666667,0.0533333333333333,0.0266666666666667,0,0.106666666666667,0.0933333333333333,0.0133333333333333,0.0666666666666667,0.0133333333333333,0.04,0.08,0.0133333333333333,0.0133333333333333,0.0533333333333333
0.0694444444444444,0.0694444444444444,0.0416666666666667,0.0416666666666667,0.125,0.0694444444444444,0.0138888888888889,0.0694444444444444,0.0277777777777778,0.0138888888888889,0.111111111111111,0.0555555555555556,0.0277777777777778,0.0833333333333333,0.0138888888888889,0.0277777777777778,0.0694444444444444,0.0138888888888889,0.0138888888888889,0.0416666666666667
0.08,0,0,0,0,0.04,0,0.12,0.08,0.08,0.16,0.08,0,0.04,0.08,0.04,0,0,0,0.2
0.0454545454545455,0.136363636363636,0,0,0,0,0,0.181818181818182,0.136363636363636,0.181818181818182,0.0454545454545455,0,0,0.136363636363636,0,0.0454545454545455,0.0454545454545455,0,0,0.0454545454545455
0.0540540540540541,0.0810810810810811,0.027027027027027,0.108108108108108,0.162162162162162,0.027027027027027,0,0.108108108108108,0,0.027027027027027,0.0540540540540541,0.027027027027027,0,0.027027027027027,0.0540540540540541,0.0540540540540541,0.108108108108108,0,0.027027027027027,0.0540540540540541
0.0333333333333333,0.0333333333333333,0.0333333333333333,0,0.2,0.0333333333333333,0,0.1,0,0.1,0,0.0666666666666667,0,0.0333333333333333,0.0666666666666667,0.133333333333333,0.0333333333333333,0,0.0333333333333333,0.1
0,0,0.0666666666666667,0.0333333333333333,0.2,0.0666666666666667,0,0.0333333333333333,0.0333333333333333,0.1,0,0.1,0,0.0333333333333333,0.0666666666666667,0.0666666666666667,0.0333333333333333,0.0333333333333333,0.0333333333333333,0.1
0,0,0.0666666666666667,0.0333333333333333,0.2,0.0666666666666667,0,0.0333333333333333,0.0333333333333333,0.0666666666666667,0.0333333333333333,0.1,0,0.0333333333333333,0.0666666666666667,0.0666666666666667,0.0333333333333333,0.0333333333333333,0.0333333333333333,0.1
0.103448275862069,0.0344827586206897,0.0344827586206897,0,0.206896551724138,0.0344827586206897,0,0.0689655172413793,0,0.137931034482759,0,0.0689655172413793,0,0,0.0689655172413793,0.103448275862069,0,0.0344827586206897,0.0344827586206897,0.0689655172413793
0.0769230769230769,0,0,0,0,0,0,0.0769230769230769,0,0.230769230769231,0.0769230769230769,0.153846153846154,0,0.153846153846154,0,0.153846153846154,0,0.0769230769230769,0,0
0.0769230769230769,0,0,0,0,0,0,0.153846153846154,0,0.230769230769231,0.0769230769230769,0.0769230769230769,0,0.230769230769231,0,0.153846153846154,0,0,0,0
0,0.222222222222222,0,0,0.333333333333333,0,0,0.222222222222222,0,0.222222222222222,0,0,0,0,0,0,0,0,0,0
0,0.277777777777778,0,0,0.333333333333333,0,0,0.166666666666667,0,0.222222222222222,0,0,0,0,0,0,0,0,0,0
0,0,0,0.15,0,0,0,0.15,0,0.1,0.3,0,0,0,0.05,0.05,0.05,0,0,0.15
0,0,0,0,0,0.0769230769230769,0,0.153846153846154,0,0.307692307692308,0.0769230769230769,0.153846153846154,0,0.0769230769230769,0,0.0769230769230769,0,0.0769230769230769,0,0
0,0,0.0769230769230769,0,0,0,0,0.0769230769230769,0,0.230769230769231,0.153846153846154,0.0769230769230769,0,0.0769230769230769,0,0.153846153846154,0,0.0769230769230769,0.0769230769230769,0
0,0.0416666666666667,0.0416666666666667,0,0,0.0416666666666667,0.0416666666666667,0.0416666666666667,0,0.0833333333333333,0.166666666666667,0.166666666666667,0.0833333333333333,0.0416666666666667,0,0.0833333333333333,0,0.125,0,0.0416666666666667
0.0769230769230769,0.230769230769231,0,0,0,0,0,0,0,0.230769230769231,0.153846153846154,0.153846153846154,0,0.153846153846154,0,0,0,0,0,0
0,0.0555555555555556,0,0.166666666666667,0.0555555555555556,0.0555555555555556,0,0,0,0.111111111111111,0.111111111111111,0.0555555555555556,0,0.0555555555555556,0,0.111111111111111,0,0.166666666666667,0,0.0555555555555556
0,0.0555555555555556,0,0.166666666666667,0.0555555555555556,0.0555555555555556,0,0,0,0.0555555555555556,0.166666666666667,0.0555555555555556,0,0.0555555555555556,0,0.111111111111111,0,0.166666666666667,0,0.0555555555555556
0,0.0555555555555556,0,0.166666666666667,0.0555555555555556,0.0555555555555556,0,0,0,0.0555555555555556,0.166666666666667,0.0555555555555556,0,0.0555555555555556,0,0.111111111111111,0,0.166666666666667,0,0.0555555555555556
0,0.0555555555555556,0,0.166666666666667,0.0555555555555556,0.0555555555555556,0,0,0,0.111111111111111,0.166666666666667,0.0555555555555556,0,0.0555555555555556,0,0.111111111111111,0,0.166666666666667,0,0
0,0.0555555555555556,0,0.166666666666667,0.0555555555555556,0.0555555555555556,0,0,0,0,0.222222222222222,0.0555555555555556,0,0.0555555555555556,0,0.111111111111111,0,0.166666666666667,0,0.0555555555555556
0,0.0555555555555556,0,0.166666666666667,0.0555555555555556,0.0555555555555556,0,0,0,0.0555555555555556,0.222222222222222,0.0555555555555556,0,0.0555555555555556,0,0.111111111111111,0,0.166666666666667,0,0
0,0.0555555555555556,0,0.166666666666667,0.0555555555555556,0.0555555555555556,0,0,0,0.0555555555555556,0.222222222222222,0.0555555555555556,0,0.0555555555555556,0,0.111111111111111,0,0.166666666666667,0,0
0,0.0555555555555556,0,0.166666666666667,0.0555555555555556,0.0555555555555556,0,0,0,0,0.277777777777778,0.0555555555555556,0,0.0555555555555556,0,0.111111111111111,0,0.166666666666667,0,0
0,0.0555555555555556,0,0.166666666666667,0.0555555555555556,0.0555555555555556,0,0,0,0.0555555555555556,0.111111111111111,0.0555555555555556,0,0.0555555555555556,0,0.111111111111111,0,0.166666666666667,0,0.111111111111111
0.0555555555555556,0.0555555555555556,0,0.166666666666667,0.0555555555555556,0.0555555555555556,0,0,0,0.0555555555555556,0.111111111111111,0.0555555555555556,0,0.0555555555555556,0,0.111111111111111,0,0.166666666666667,0,0.0555555555555556
0,0.0555555555555556,0,0.166666666666667,0.0555555555555556,0.0555555555555556,0,0.0555555555555556,0,0.0555555555555556,0.111111111111111,0.0555555555555556,0,0.0555555555555556,0,0.111111111111111,0,0.166666666666667,0,0.0555555555555556
0,0.0555555555555556,0,0.166666666666667,0.0555555555555556,0.0555555555555556,0,0,0,0.0555555555555556,0.111111111111111,0.0555555555555556,0,0.0555555555555556,0,0.166666666666667,0,0.166666666666667,0,0.0555555555555556
0,0.0555555555555556,0,0.166666666666667,0.0555555555555556,0.111111111111111,0,0,0,0.0555555555555556,0.111111111111111,0.0555555555555556,0,0.0555555555555556,0,0.111111111111111,0,0.166666666666667,0,0.0555555555555556
0,0.0555555555555556,0,0.166666666666667,0.0555555555555556,0.0555555555555556,0,0,0,0.0555555555555556,0.111111111111111,0.111111111111111,0,0.0555555555555556,0,0.111111111111111,0,0.166666666666667,0,0.0555555555555556
0.027027027027027,0.0810810810810811,0,0.027027027027027,0.162162162162162,0,0.027027027027027,0.162162162162162,0.0540540540540541,0.027027027027027,0.027027027027027,0.108108108108108,0,0.108108108108108,0.027027027027027,0.027027027027027,0.027027027027027,0,0.0810810810810811,0.027027027027027
0.027027027027027,0.108108108108108,0,0.027027027027027,0.162162162162162,0,0.027027027027027,0.162162162162162,0.0540540540540541,0.027027027027027,0.027027027027027,0.108108108108108,0,0.0810810810810811,0.027027027027027,0.027027027027027,0.027027027027027,0,0.0810810810810811,0.027027027027027
0.0526315789473684,0.0350877192982456,0.0350877192982456,0.0350877192982456,0.140350877192982,0.0350877192982456,0.0350877192982456,0.087719298245614,0,0.0701754385964912,0.0526315789473684,0.087719298245614,0.0350877192982456,0.0175438596491228,0.140350877192982,0.0526315789473684,0.0350877192982456,0,0,0.0526315789473684
0.103448275862069,0.137931034482759,0,0,0.206896551724138,0.0344827586206897,0.0344827586206897,0.103448275862069,0,0.103448275862069,0.0344827586206897,0,0,0.0344827586206897,0.0344827586206897,0,0.0344827586206897,0.0344827586206897,0.103448275862069,0
0,0,0.111111111111111,0,0,0,0,0.111111111111111,0,0,0.333333333333333,0.111111111111111,0,0.333333333333333,0,0,0,0,0,0
0,0,0,0,0,0,0,0.111111111111111,0.222222222222222,0,0.333333333333333,0,0,0.333333333333333,0,0,0,0,0,0
0,0,0,0,0,0,0,0,0.333333333333333,0,0.333333333333333,0,0,0.333333333333333,0,0,0,0,0,0
0.0666666666666667,0.08,0.0533333333333333,0.0666666666666667,0.133333333333333,0.0666666666666667,0.0266666666666667,0.0533333333333333,0.0266666666666667,0,0.106666666666667,0.0666666666666667,0.0133333333333333,0.0933333333333333,0.0133333333333333,0.0133333333333333,0.0666666666666667,0.0133333333333333,0,0.04
0.0303030303030303,0.0909090909090909,0.0606060606060606,0,0,0.0606060606060606,0.0303030303030303,0.0909090909090909,0.0303030303030303,0.121212121212121,0.151515151515152,0.0606060606060606,0.0303030303030303,0.0303030303030303,0.0909090909090909,0,0,0,0.0909090909090909,0.0303030303030303
0.0344827586206897,0.103448275862069,0.0689655172413793,0,0,0.0689655172413793,0,0.103448275862069,0.0344827586206897,0.103448275862069,0.103448275862069,0.0689655172413793,0.0344827586206897,0.0344827586206897,0.103448275862069,0,0,0,0.103448275862069,0.0344827586206897
0,0.0909090909090909,0.0909090909090909,0,0,0,0.0909090909090909,0,0,0.272727272727273,0.181818181818182,0.0909090909090909,0.0909090909090909,0,0,0,0,0,0.0909090909090909,0
0,0,0,0,0,0,0,0.272727272727273,0.0909090909090909,0,0.181818181818182,0,0,0.0909090909090909,0.181818181818182,0,0,0,0.0909090909090909,0.0909090909090909
0.0909090909090909,0.181818181818182,0.0909090909090909,0,0,0.181818181818182,0,0,0,0.0909090909090909,0.0909090909090909,0.0909090909090909,0,0,0.0909090909090909,0,0,0,0.0909090909090909,0
0,0.0833333333333333,0.0833333333333333,0,0,0,0.0833333333333333,0,0,0.25,0.166666666666667,0.0833333333333333,0.0833333333333333,0,0,0,0,0,0.166666666666667,0
0.0833333333333333,0.0833333333333333,0.0833333333333333,0,0,0,0,0,0,0.25,0.166666666666667,0.0833333333333333,0.0833333333333333,0,0,0,0,0,0.166666666666667,0
0.0833333333333333,0.0833333333333333,0.0833333333333333,0,0,0,0.0833333333333333,0,0,0.25,0.0833333333333333,0.0833333333333333,0.0833333333333333,0,0,0,0,0,0.166666666666667,0
0.0833333333333333,0.0833333333333333,0.0833333333333333,0,0,0,0.0833333333333333,0,0,0.25,0.0833333333333333,0.0833333333333333,0.0833333333333333,0,0,0,0,0,0.166666666666667,0
0.0833333333333333,0.0833333333333333,0.0833333333333333,0,0,0,0.0833333333333333,0,0,0.166666666666667,0.166666666666667,0.0833333333333333,0.0833333333333333,0,0,0,0,0,0.166666666666667,0
0.0833333333333333,0,0.0833333333333333,0,0,0,0.0833333333333333,0,0,0.25,0.166666666666667,0.0833333333333333,0.0833333333333333,0,0,0,0,0,0.166666666666667,0
0.0833333333333333,0.0833333333333333,0.0833333333333333,0,0,0,0.0833333333333333,0,0,0.25,0.166666666666667,0.0833333333333333,0,0,0,0,0,0,0.166666666666667,0
0.0833333333333333,0.0833333333333333,0.0833333333333333,0,0,0,0.0833333333333333,0,0,0.166666666666667,0.166666666666667,0.0833333333333333,0.0833333333333333,0,0,0,0,0,0.166666666666667,0
0.0833333333333333,0.0833333333333333,0.0833333333333333,0,0,0,0.0833333333333333,0,0,0.25,0.166666666666667,0.0833333333333333,0.0833333333333333,0,0,0,0,0,0.0833333333333333,0
0.0833333333333333,0.0833333333333333,0.0833333333333333,0,0,0,0.0833333333333333,0,0,0.25,0.166666666666667,0,0.0833333333333333,0,0,0,0,0,0.166666666666667,0
0.0833333333333333,0.0833333333333333,0,0,0,0,0.0833333333333333,0,0,0.25,0.166666666666667,0.0833333333333333,0.0833333333333333,0,0,0,0,0,0.166666666666667,0
0.0833333333333333,0.0833333333333333,0.0833333333333333,0,0,0,0.0833333333333333,0,0,0.166666666666667,0.166666666666667,0.0833333333333333,0.0833333333333333,0,0,0,0,0,0.166666666666667,0
0,0.111111111111111,0,0,0,0,0.111111111111111,0,0,0.222222222222222,0.222222222222222,0,0.111111111111111,0,0,0,0,0,0.222222222222222,0
0,0.125,0,0,0,0,0.125,0,0,0.25,0.25,0,0.125,0,0,0,0,0,0.125,0
0,0.142857142857143,0,0,0,0,0.142857142857143,0,0,0.285714285714286,0.285714285714286,0,0.142857142857143,0,0,0,0,0,0,0
0,0.0833333333333333,0.0833333333333333,0,0,0,0.0833333333333333,0,0,0.25,0.166666666666667,0.0833333333333333,0,0,0.0833333333333333,0,0,0,0.166666666666667,0
0.181818181818182,0.0606060606060606,0.0303030303030303,0.0909090909090909,0,0.0606060606060606,0.0606060606060606,0.0303030303030303,0,0,0.121212121212121,0.121212121212121,0,0.0303030303030303,0,0.0909090909090909,0.0303030303030303,0.0606060606060606,0.0303030303030303,0
0,0.125,0.125,0,0,0.125,0.125,0,0,0,0,0,0.25,0,0,0,0,0.125,0,0.125
0,0.125,0,0.125,0,0,0.125,0,0,0.125,0,0,0.125,0,0,0,0,0.125,0,0.25
0,0.153846153846154,0,0,0,0,0,0,0.153846153846154,0.0769230769230769,0.0769230769230769,0.153846153846154,0.0769230769230769,0,0,0.0769230769230769,0.0769230769230769,0.0769230769230769,0,0.0769230769230769
0.0555555555555556,0.111111111111111,0,0.0277777777777778,0,0.0555555555555556,0,0.0833333333333333,0.111111111111111,0.0555555555555556,0.0555555555555556,0.0277777777777778,0,0.0277777777777778,0.0833333333333333,0.111111111111111,0,0.0277777777777778,0.0833333333333333,0.0833333333333333
0.0666666666666667,0.133333333333333,0,0,0,0,0,0.133333333333333,0.133333333333333,0,0,0.0666666666666667,0,0.0666666666666667,0,0.0666666666666667,0,0.0666666666666667,0.2,0.0666666666666667
0,0.133333333333333,0,0,0,0.133333333333333,0,0,0.2,0.0666666666666667,0,0,0,0,0.133333333333333,0.2,0,0,0.0666666666666667,0.0666666666666667
0.0666666666666667,0.0666666666666667,0,0.0666666666666667,0,0.0666666666666667,0,0.0666666666666667,0.0666666666666667,0.133333333333333,0.133333333333333,0,0,0,0.0666666666666667,0.133333333333333,0,0,0,0.133333333333333
0.0625,0.0625,0,0.0625,0,0,0,0.125,0.0625,0.0625,0.1875,0,0,0,0,0,0.1875,0.0625,0.0625,0.0625
0,0.0625,0,0.0625,0,0.0625,0,0.125,0.125,0.0625,0.125,0,0,0,0,0,0.1875,0.125,0.0625,0
0,0.0666666666666667,0,0.0666666666666667,0,0.0666666666666667,0.0666666666666667,0.133333333333333,0.0666666666666667,0.0666666666666667,0.0666666666666667,0.133333333333333,0,0,0,0.0666666666666667,0,0.133333333333333,0,0.0666666666666667
0,0.181818181818182,0,0,0,0.0909090909090909,0.0909090909090909,0,0,0,0,0.181818181818182,0,0,0,0.0909090909090909,0.0909090909090909,0.0909090909090909,0.0909090909090909,0.0909090909090909
0.125,0.125,0,0,0,0,0,0.25,0,0,0,0.125,0,0,0,0.125,0,0,0.125,0.125
0.125,0.125,0,0,0,0,0,0.25,0,0,0,0.125,0,0.125,0,0,0,0.125,0.125,0
0,0.125,0,0,0,0,0,0.125,0.25,0,0,0,0,0.125,0,0,0,0.125,0.25,0
0,0,0,0,0,0.111111111111111,0,0,0.111111111111111,0.222222222222222,0.111111111111111,0,0,0,0.111111111111111,0.222222222222222,0,0,0,0.111111111111111
0.125,0,0,0.125,0,0,0,0.125,0.125,0.125,0.125,0,0,0,0.125,0,0,0,0,0.125
0.125,0.125,0,0.125,0,0,0,0.125,0,0,0.25,0,0,0,0.125,0,0,0,0,0.125
0,0,0,0.125,0,0,0.125,0.25,0.125,0,0.125,0,0,0,0,0,0,0.125,0,0.125
0,0,0,0,0,0.125,0.125,0.25,0,0.125,0.125,0,0,0,0,0.125,0,0,0,0.125
0,0.125,0,0,0,0.125,0,0,0,0.125,0,0.25,0,0,0,0.125,0,0.125,0,0.125
0,0.25,0,0,0,0.125,0,0,0,0,0,0.25,0,0,0,0.125,0,0.125,0.125,0
0,0.0833333333333333,0.0833333333333333,0,0,0,0.0833333333333333,0.166666666666667,0,0,0.0833333333333333,0,0,0,0.166666666666667,0.25,0,0,0,0.0833333333333333
0.0833333333333333,0.0833333333333333,0,0,0,0,0,0,0.0833333333333333,0,0.166666666666667,0,0,0.0833333333333333,0.25,0.0833333333333333,0.166666666666667,0,0,0
0,0,0,0,0,0,0.0833333333333333,0,0,0.0833333333333333,0.0833333333333333,0.25,0,0,0.333333333333333,0.0833333333333333,0,0,0,0.0833333333333333
0,0.222222222222222,0,0,0,0,0.0833333333333333,0.166666666666667,0.0277777777777778,0,0.0555555555555556,0.0555555555555556,0.0277777777777778,0.0555555555555556,0.194444444444444,0.0555555555555556,0,0.0277777777777778,0,0.0277777777777778
0,0.235294117647059,0,0,0,0,0.0588235294117647,0.0588235294117647,0.0588235294117647,0,0.0588235294117647,0.117647058823529,0.0588235294117647,0.117647058823529,0.176470588235294,0.0588235294117647,0,0,0,0
0,0.153846153846154,0,0,0,0,0.0769230769230769,0.0769230769230769,0.0769230769230769,0,0.0769230769230769,0.0769230769230769,0.0769230769230769,0.0769230769230769,0.230769230769231,0.0769230769230769,0,0,0,0
0,0.166666666666667,0,0,0,0,0,0.0833333333333333,0.0833333333333333,0,0.0833333333333333,0.0833333333333333,0.0833333333333333,0.0833333333333333,0.25,0.0833333333333333,0,0,0,0
0,0.0909090909090909,0,0,0,0,0,0.0909090909090909,0.0909090909090909,0,0.0909090909090909,0.0909090909090909,0.0909090909090909,0.0909090909090909,0.272727272727273,0.0909090909090909,0,0,0,0
0.037037037037037,0.037037037037037,0.0740740740740741,0.037037037037037,0,0.111111111111111,0.037037037037037,0.037037037037037,0.037037037037037,0.148148148148148,0.0740740740740741,0.0740740740740741,0.037037037037037,0,0.037037037037037,0.0740740740740741,0.037037037037037,0.0740740740740741,0.037037037037037,0
0.347826086956522,0.0434782608695652,0,0,0,0.0869565217391304,0,0,0,0.130434782608696,0.0869565217391304,0.0869565217391304,0.0434782608695652,0,0.0434782608695652,0,0,0.0869565217391304,0.0434782608695652,0
0.296296296296296,0.037037037037037,0,0,0,0.0740740740740741,0.037037037037037,0.037037037037037,0,0.148148148148148,0.0740740740740741,0.111111111111111,0.037037037037037,0,0.037037037037037,0,0,0.0740740740740741,0.037037037037037,0
0,0.05,0.05,0.1,0,0.05,0.1,0,0,0.15,0.05,0.1,0.05,0.05,0.1,0,0,0,0.1,0.05
0.05,0.05,0.05,0,0,0.05,0.1,0,0,0.1,0.05,0.1,0.05,0.1,0.1,0.15,0.05,0,0,0
0,0,0,0.2,0,0.05,0.05,0.05,0,0.15,0.1,0,0.05,0,0.05,0.05,0,0,0.15,0.1
0.05,0,0.05,0,0,0.15,0.1,0,0,0.15,0.15,0.15,0,0,0,0,0,0.05,0.05,0.1
0.05,0,0.05,0.05,0,0.15,0.25,0,0,0.15,0.1,0,0,0,0.05,0.1,0,0,0,0.05
0.105263157894737,0,0.0526315789473684,0,0,0.0526315789473684,0,0.105263157894737,0.0526315789473684,0.105263157894737,0.0526315789473684,0.210526315789474,0,0,0.0526315789473684,0,0,0.0526315789473684,0.0526315789473684,0.105263157894737
0,0.0666666666666667,0.0666666666666667,0.133333333333333,0,0,0.133333333333333,0,0,0.133333333333333,0,0.0666666666666667,0.0666666666666667,0.0666666666666667,0.0666666666666667,0,0,0,0.133333333333333,0.0666666666666667
0,0,0.0714285714285714,0,0,0.142857142857143,0.142857142857143,0,0,0.214285714285714,0.0714285714285714,0.214285714285714,0,0,0,0,0,0,0.0714285714285714,0.0714285714285714
0,0,0,0,0,0.2,0.133333333333333,0,0,0.2,0.133333333333333,0.133333333333333,0,0,0,0.133333333333333,0,0,0,0.0666666666666667
0.222222222222222,0,0.111111111111111,0,0,0.111111111111111,0.111111111111111,0,0,0,0,0,0.111111111111111,0,0,0.111111111111111,0.111111111111111,0,0,0.111111111111111
0.333333333333333,0,0.111111111111111,0,0,0,0.111111111111111,0,0,0,0,0,0.111111111111111,0,0,0.111111111111111,0.111111111111111,0,0,0.111111111111111
0.333333333333333,0,0.111111111111111,0,0,0.111111111111111,0.111111111111111,0,0,0,0,0,0,0,0,0.111111111111111,0.111111111111111,0,0,0.111111111111111
0.333333333333333,0,0.111111111111111,0,0,0.111111111111111,0.111111111111111,0,0,0,0,0,0.111111111111111,0,0,0,0.111111111111111,0,0,0.111111111111111
0.333333333333333,0,0.111111111111111,0,0,0.111111111111111,0.111111111111111,0,0,0,0,0,0.111111111111111,0,0,0.111111111111111,0,0,0,0.111111111111111
0.25,0,0,0,0,0.125,0.125,0,0,0,0,0,0.125,0,0,0.125,0.125,0,0,0.125
0.285714285714286,0,0,0,0,0.142857142857143,0.142857142857143,0,0,0,0,0,0.142857142857143,0,0,0.142857142857143,0,0,0,0.142857142857143
0.333333333333333,0,0,0,0,0.166666666666667,0.166666666666667,0,0,0,0,0,0.166666666666667,0,0,0.166666666666667,0,0,0,0
0.5,0,0,0,0,0.25,0,0,0,0,0,0,0.25,0,0,0,0,0,0,0
0,0,0.333333333333333,0,0,0,0,0,0,0,0,0,0,0,0,0,0.333333333333333,0,0,0.333333333333333
0.125,0,0.125,0,0,0,0,0,0,0.125,0,0,0.125,0,0,0,0.375,0,0,0.125
0.214285714285714,0,0.0714285714285714,0,0,0.0714285714285714,0.0714285714285714,0,0,0.0714285714285714,0,0,0.142857142857143,0,0,0.0714285714285714,0.214285714285714,0,0,0.0714285714285714
0.285714285714286,0,0.0714285714285714,0,0,0.0714285714285714,0.0714285714285714,0,0,0.0714285714285714,0,0,0.0714285714285714,0,0,0.0714285714285714,0.214285714285714,0,0,0.0714285714285714
0.230769230769231,0,0.0769230769230769,0,0,0.0769230769230769,0.0769230769230769,0,0,0.0769230769230769,0,0,0.0769230769230769,0,0,0.0769230769230769,0.230769230769231,0,0,0.0769230769230769
0.285714285714286,0,0.0714285714285714,0,0,0.0714285714285714,0.0714285714285714,0,0,0.0714285714285714,0,0,0.142857142857143,0,0,0.0714285714285714,0.142857142857143,0,0,0.0714285714285714
0.133333333333333,0.0666666666666667,0,0.0666666666666667,0,0.0666666666666667,0,0.133333333333333,0,0.2,0,0,0,0,0,0,0.133333333333333,0.0666666666666667,0.0666666666666667,0.0666666666666667
0,0.0666666666666667,0,0,0,0,0.0666666666666667,0.0666666666666667,0.2,0.133333333333333,0.133333333333333,0,0,0.0666666666666667,0.0666666666666667,0.0666666666666667,0,0.0666666666666667,0.0666666666666667,0
0.133333333333333,0.0666666666666667,0,0,0,0.0666666666666667,0.133333333333333,0.0666666666666667,0,0.2,0.133333333333333,0,0,0,0,0,0.0666666666666667,0.0666666666666667,0,0.0666666666666667
0.0666666666666667,0.0666666666666667,0,0,0,0.0666666666666667,0.133333333333333,0,0.0666666666666667,0.266666666666667,0.2,0,0,0.0666666666666667,0,0,0,0,0,0.0666666666666667
0,0.133333333333333,0,0,0,0,0.133333333333333,0.0666666666666667,0.0666666666666667,0.266666666666667,0.2,0,0,0.133333333333333,0,0,0,0,0,0
0,0.0666666666666667,0,0,0.0666666666666667,0,0.2,0.0666666666666667,0.133333333333333,0.133333333333333,0.133333333333333,0,0,0.133333333333333,0,0.0666666666666667,0,0,0,0
0,0.133333333333333,0,0,0.0666666666666667,0,0.0666666666666667,0.133333333333333,0.133333333333333,0.266666666666667,0,0,0,0.133333333333333,0,0.0666666666666667,0,0,0,0
0.05,0,0,0.1,0.1,0.05,0.1,0.15,0.05,0.05,0.05,0.05,0.05,0,0.05,0.05,0,0.05,0,0.05
0.133333333333333,0,0,0.0666666666666667,0.133333333333333,0.0666666666666667,0.0666666666666667,0.133333333333333,0.0666666666666667,0,0.0666666666666667,0.133333333333333,0.0666666666666667,0,0,0.0666666666666667,0,0,0,0
0.0666666666666667,0,0,0.0666666666666667,0.133333333333333,0.0666666666666667,0.133333333333333,0.133333333333333,0.0666666666666667,0,0.0666666666666667,0.133333333333333,0.0666666666666667,0,0,0,0,0,0,0.0666666666666667
0.0666666666666667,0,0,0.0666666666666667,0.0666666666666667,0.0666666666666667,0.0666666666666667,0.2,0.0666666666666667,0.0666666666666667,0,0.0666666666666667,0.0666666666666667,0,0.0666666666666667,0.0666666666666667,0,0,0,0.0666666666666667
0,0,0,0.133333333333333,0.0666666666666667,0,0.133333333333333,0.133333333333333,0.0666666666666667,0.0666666666666667,0.0666666666666667,0,0.0666666666666667,0,0.0666666666666667,0.0666666666666667,0,0.0666666666666667,0,0.0666666666666667
0,0,0,0.133333333333333,0.133333333333333,0,0.0666666666666667,0.0666666666666667,0.0666666666666667,0.0666666666666667,0.133333333333333,0,0,0,0.0666666666666667,0.0666666666666667,0.0666666666666667,0.0666666666666667,0,0.0666666666666667
0,0,0,0.0666666666666667,0.0666666666666667,0.0666666666666667,0.0666666666666667,0.133333333333333,0.0666666666666667,0.133333333333333,0.133333333333333,0.0666666666666667,0,0,0.0666666666666667,0,0.0666666666666667,0.0666666666666667,0,0
0.125,0,0,0,0,0.25,0,0.125,0,0.25,0,0,0,0,0,0,0,0,0.125,0.125
0.133333333333333,0.0666666666666667,0,0,0,0.0666666666666667,0.0666666666666667,0.0666666666666667,0,0,0.2,0.0666666666666667,0,0.0666666666666667,0.0666666666666667,0,0.0666666666666667,0.0666666666666667,0.0666666666666667,0
0.272727272727273,0,0,0,0,0,0,0,0,0,0,0.0909090909090909,0,0,0,0.181818181818182,0.181818181818182,0.181818181818182,0,0.0909090909090909
0.117647058823529,0.0588235294117647,0.0588235294117647,0,0,0,0.0588235294117647,0,0.117647058823529,0.0588235294117647,0.0588235294117647,0.117647058823529,0.0588235294117647,0.117647058823529,0,0,0.0588235294117647,0,0,0.117647058823529
0.142857142857143,0.0714285714285714,0,0.142857142857143,0,0.0714285714285714,0.0714285714285714,0.0714285714285714,0,0.285714285714286,0,0,0,0,0,0,0.0714285714285714,0,0,0.0714285714285714
0.153846153846154,0.0769230769230769,0,0,0,0.0769230769230769,0.0769230769230769,0.0769230769230769,0,0,0.230769230769231,0.0769230769230769,0,0.0769230769230769,0,0,0.0769230769230769,0,0.0769230769230769,0
0.2,0.1,0,0.1,0,0.1,0,0.1,0,0.3,0,0,0,0,0,0,0,0,0,0.1
0.0769230769230769,0,0,0.0769230769230769,0,0.0769230769230769,0,0.0769230769230769,0,0.230769230769231,0.0769230769230769,0.153846153846154,0,0.0769230769230769,0,0.0769230769230769,0,0.0769230769230769,0,0
0.0277777777777778,0,0.0833333333333333,0.0277777777777778,0,0.166666666666667,0.111111111111111,0,0.0277777777777778,0.0555555555555556,0.166666666666667,0.0555555555555556,0,0.0277777777777778,0,0.111111111111111,0.0277777777777778,0.0833333333333333,0.0277777777777778,0
0.0769230769230769,0,0,0.0769230769230769,0,0.0769230769230769,0,0.0769230769230769,0,0.230769230769231,0.0769230769230769,0.153846153846154,0,0.0769230769230769,0,0.0769230769230769,0,0.0769230769230769,0,0
0.0769230769230769,0,0.0256410256410256,0.0256410256410256,0,0.179487179487179,0.179487179487179,0,0,0.0512820512820513,0.128205128205128,0.102564102564103,0,0.0256410256410256,0,0.0256410256410256,0.0256410256410256,0.128205128205128,0.0256410256410256,0
0.0769230769230769,0,0,0.0769230769230769,0,0.0769230769230769,0,0.0769230769230769,0,0.230769230769231,0.0769230769230769,0.153846153846154,0,0.0769230769230769,0,0.0769230769230769,0,0.0769230769230769,0,0
0,0.0277777777777778,0.111111111111111,0.0277777777777778,0,0.194444444444444,0.111111111111111,0,0.0277777777777778,0.0833333333333333,0.111111111111111,0.0277777777777778,0.0555555555555556,0,0,0.0833333333333333,0.0555555555555556,0.0555555555555556,0.0277777777777778,0
0,0.0263157894736842,0.105263157894737,0.0263157894736842,0,0.210526315789474,0.105263157894737,0,0.0263157894736842,0.0789473684210526,0.131578947368421,0.0263157894736842,0.0526315789473684,0,0,0.0789473684210526,0.0526315789473684,0.0526315789473684,0.0263157894736842,0
0,0.105263157894737,0.0526315789473684,0.0263157894736842,0,0.289473684210526,0.105263157894737,0,0,0.0789473684210526,0.0789473684210526,0.0263157894736842,0,0,0,0.0789473684210526,0.0789473684210526,0.0526315789473684,0.0263157894736842,0
0.0769230769230769,0,0,0.0769230769230769,0,0.0769230769230769,0,0.0769230769230769,0,0.230769230769231,0.0769230769230769,0.153846153846154,0,0.0769230769230769,0,0.0769230769230769,0,0.0769230769230769,0,0
0.263157894736842,0.0263157894736842,0.0789473684210526,0.0263157894736842,0,0.105263157894737,0.0789473684210526,0,0.0263157894736842,0.0789473684210526,0.131578947368421,0.0263157894736842,0.0526315789473684,0,0,0,0.0263157894736842,0.0526315789473684,0.0263157894736842,0
0.0769230769230769,0,0,0.0769230769230769,0,0.0769230769230769,0,0.0769230769230769,0,0.230769230769231,0.0769230769230769,0.153846153846154,0,0.0769230769230769,0,0.0769230769230769,0,0.0769230769230769,0,0
0.210526315789474,0.105263157894737,0.0263157894736842,0.0263157894736842,0,0.210526315789474,0.0789473684210526,0,0,0.0789473684210526,0.0789473684210526,0.0263157894736842,0,0,0,0.0263157894736842,0.0526315789473684,0.0526315789473684,0.0263157894736842,0
0.263157894736842,0.105263157894737,0.0263157894736842,0.0263157894736842,0,0.184210526315789,0.0789473684210526,0,0,0.0789473684210526,0.0789473684210526,0.0263157894736842,0,0,0,0,0.0526315789473684,0.0526315789473684,0.0263157894736842,0
0.0769230769230769,0,0,0.0769230769230769,0,0.0769230769230769,0,0.0769230769230769,0,0.230769230769231,0.0769230769230769,0.153846153846154,0,0.0769230769230769,0,0.0769230769230769,0,0.0769230769230769,0,0
0,0.15,0,0,0,0,0,0.15,0,0.1,0.3,0,0,0,0.05,0.05,0.05,0,0,0.15
0,0,0.117647058823529,0.117647058823529,0,0.117647058823529,0.117647058823529,0.0588235294117647,0,0.117647058823529,0.117647058823529,0,0,0.117647058823529,0,0,0,0,0,0.117647058823529
0,0.166666666666667,0.0416666666666667,0,0,0.0416666666666667,0.0416666666666667,0.0416666666666667,0,0.0833333333333333,0.166666666666667,0.0416666666666667,0.0833333333333333,0.0416666666666667,0,0.0833333333333333,0,0.125,0,0.0416666666666667
0,0,0,0,0,0,0,0.157894736842105,0,0,0.473684210526316,0.368421052631579,0,0,0,0,0,0,0,0
0,0.368421052631579,0,0,0,0,0,0.157894736842105,0,0,0.473684210526316,0,0,0,0,0,0,0,0,0
0.263157894736842,0.105263157894737,0.0263157894736842,0.0263157894736842,0,0.184210526315789,0.0789473684210526,0,0,0.0789473684210526,0.0789473684210526,0.0263157894736842,0.0263157894736842,0,0,0,0.0263157894736842,0.0526315789473684,0.0263157894736842,0
0.236842105263158,0.105263157894737,0.0263157894736842,0.0263157894736842,0,0.184210526315789,0.0789473684210526,0,0,0.105263157894737,0.0789473684210526,0.0263157894736842,0,0,0,0,0.0526315789473684,0.0526315789473684,0.0263157894736842,0
0.236842105263158,0.105263157894737,0.0263157894736842,0.0263157894736842,0,0.184210526315789,0.0789473684210526,0,0,0.0789473684210526,0.105263157894737,0.0263157894736842,0,0,0,0,0.0526315789473684,0.0526315789473684,0.0263157894736842,0
0.263157894736842,0.105263157894737,0.0263157894736842,0.0263157894736842,0,0.184210526315789,0.0526315789473684,0,0,0.0789473684210526,0.105263157894737,0.0263157894736842,0,0,0,0,0.0526315789473684,0.0526315789473684,0.0263157894736842,0
0.210526315789474,0.105263157894737,0.0263157894736842,0.0263157894736842,0,0.184210526315789,0.0789473684210526,0,0,0.105263157894737,0.105263157894737,0.0263157894736842,0,0,0,0,0.0526315789473684,0.0526315789473684,0.0263157894736842,0
0.263157894736842,0.105263157894737,0,0.0263157894736842,0,0.184210526315789,0.0789473684210526,0,0,0.0789473684210526,0.105263157894737,0.0263157894736842,0,0,0,0,0.0526315789473684,0.0526315789473684,0.0263157894736842,0
0.236842105263158,0.105263157894737,0,0.0263157894736842,0,0.184210526315789,0.0789473684210526,0,0,0.0789473684210526,0.105263157894737,0.0263157894736842,0,0,0,0,0.0526315789473684,0.0526315789473684,0.0263157894736842,0.0263157894736842
0.236842105263158,0.105263157894737,0.0263157894736842,0.0263157894736842,0,0.184210526315789,0.0526315789473684,0,0,0.0789473684210526,0.131578947368421,0.0263157894736842,0,0,0,0,0.0526315789473684,0.0526315789473684,0.0263157894736842,0
0.210526315789474,0.105263157894737,0.0263157894736842,0.0263157894736842,0,0.184210526315789,0.0526315789473684,0,0,0.105263157894737,0.131578947368421,0.0263157894736842,0,0,0,0,0.0526315789473684,0.0526315789473684,0.0263157894736842,0
0.27027027027027,0.108108108108108,0,0.027027027027027,0,0.189189189189189,0.0540540540540541,0,0,0.0810810810810811,0.108108108108108,0.027027027027027,0,0,0,0,0.0540540540540541,0.0540540540540541,0.027027027027027,0
0.210526315789474,0.105263157894737,0,0.0263157894736842,0,0.184210526315789,0.0526315789473684,0,0,0.105263157894737,0.157894736842105,0.0263157894736842,0,0,0,0,0.0526315789473684,0.0526315789473684,0.0263157894736842,0
0,0,0.181818181818182,0.181818181818182,0,0,0,0,0,0.0909090909090909,0.181818181818182,0.0909090909090909,0,0,0,0.0909090909090909,0,0.0909090909090909,0,0.0909090909090909
0.0909090909090909,0,0.0909090909090909,0.181818181818182,0,0,0,0,0,0.0909090909090909,0.181818181818182,0.0909090909090909,0,0,0,0.0909090909090909,0,0.0909090909090909,0,0.0909090909090909
0.0909090909090909,0,0.181818181818182,0.181818181818182,0,0,0,0,0,0.0909090909090909,0.181818181818182,0.0909090909090909,0,0,0,0,0,0.0909090909090909,0,0.0909090909090909
0.0909090909090909,0,0.181818181818182,0.181818181818182,0,0,0,0,0,0.0909090909090909,0.0909090909090909,0.0909090909090909,0,0,0,0.0909090909090909,0,0.0909090909090909,0,0.0909090909090909
0.0909090909090909,0,0.181818181818182,0.181818181818182,0,0,0,0,0,0.0909090909090909,0.181818181818182,0,0,0,0,0.0909090909090909,0,0.0909090909090909,0,0.0909090909090909
0.0909090909090909,0,0.181818181818182,0.181818181818182,0,0,0,0,0,0,0.181818181818182,0.0909090909090909,0,0,0,0.0909090909090909,0,0.0909090909090909,0,0.0909090909090909
0.0909090909090909,0,0.181818181818182,0.0909090909090909,0,0,0,0,0,0.0909090909090909,0.181818181818182,0.0909090909090909,0,0,0,0.0909090909090909,0,0.0909090909090909,0,0.0909090909090909
0.0909090909090909,0,0.0909090909090909,0.181818181818182,0,0,0,0,0,0.0909090909090909,0.181818181818182,0.0909090909090909,0,0,0,0.0909090909090909,0,0.0909090909090909,0,0.0909090909090909
0.0909090909090909,0,0.181818181818182,0.181818181818182,0,0,0,0,0,0.0909090909090909,0.0909090909090909,0.0909090909090909,0,0,0,0.0909090909090909,0,0.0909090909090909,0,0.0909090909090909
0.0909090909090909,0,0.181818181818182,0.0909090909090909,0,0,0,0,0,0.0909090909090909,0.181818181818182,0.0909090909090909,0,0,0,0.0909090909090909,0,0.0909090909090909,0,0.0909090909090909
0.0909090909090909,0,0.181818181818182,0.181818181818182,0,0,0,0,0,0.0909090909090909,0.181818181818182,0.0909090909090909,0,0,0,0.0909090909090909,0,0.0909090909090909,0,0
0.181818181818182,0,0.181818181818182,0,0,0,0,0,0,0.0909090909090909,0.181818181818182,0.0909090909090909,0,0,0,0.0909090909090909,0,0.0909090909090909,0,0.0909090909090909
0,0,0.166666666666667,0.333333333333333,0,0,0,0,0,0.166666666666667,0.166666666666667,0,0,0,0,0,0,0.166666666666667,0,0
0.0833333333333333,0,0,0.166666666666667,0,0,0,0,0,0,0.0833333333333333,0.166666666666667,0,0.0833333333333333,0.0833333333333333,0.0833333333333333,0,0.0833333333333333,0,0.166666666666667
0,0.45,0,0,0,0,0.1,0.05,0.05,0.1,0.15,0,0,0.1,0,0,0,0,0,0
0.0384615384615385,0.384615384615385,0,0,0,0.0384615384615385,0.0769230769230769,0.0384615384615385,0.0384615384615385,0.192307692307692,0.115384615384615,0,0,0.0769230769230769,0,0,0,0,0,0
0,0.428571428571429,0,0,0,0,0.0952380952380952,0.0476190476190476,0.0476190476190476,0.142857142857143,0.142857142857143,0,0,0.0952380952380952,0,0,0,0,0,0
0,0.454545454545455,0,0,0,0,0.0909090909090909,0.0454545454545455,0.0454545454545455,0.136363636363636,0.136363636363636,0,0,0.0909090909090909,0,0,0,0,0,0
0,0.434782608695652,0,0,0,0,0.0869565217391304,0.0434782608695652,0.0434782608695652,0.173913043478261,0.130434782608696,0,0,0.0869565217391304,0,0,0,0,0,0
0,0.416666666666667,0,0,0,0,0.0833333333333333,0.0416666666666667,0.0416666666666667,0.208333333333333,0.125,0,0,0.0833333333333333,0,0,0,0,0,0
0.04,0.4,0,0,0,0,0.08,0.04,0.04,0.2,0.12,0,0,0.08,0,0,0,0,0,0
0.0384615384615385,0.384615384615385,0,0,0,0.0769230769230769,0.0769230769230769,0,0,0.192307692307692,0.115384615384615,0.0384615384615385,0,0.0769230769230769,0,0,0,0,0,0
0,0.384615384615385,0,0,0,0.0769230769230769,0.0769230769230769,0.0384615384615385,0.0384615384615385,0.153846153846154,0.115384615384615,0.0384615384615385,0,0.0769230769230769,0,0,0,0,0,0
0.0384615384615385,0.384615384615385,0,0,0,0.0769230769230769,0.0384615384615385,0.0384615384615385,0.0384615384615385,0.153846153846154,0.115384615384615,0.0384615384615385,0,0.0769230769230769,0,0,0,0,0,0
0.0384615384615385,0.384615384615385,0,0,0,0.0769230769230769,0.0384615384615385,0.0384615384615385,0.0384615384615385,0.153846153846154,0.115384615384615,0.0384615384615385,0,0.0769230769230769,0,0,0,0,0,0
0.0384615384615385,0.384615384615385,0,0,0,0.0769230769230769,0.0769230769230769,0.0384615384615385,0.0384615384615385,0.153846153846154,0.0769230769230769,0.0384615384615385,0,0.0769230769230769,0,0,0,0,0,0
0.0384615384615385,0.384615384615385,0,0,0,0.0769230769230769,0.0769230769230769,0.0384615384615385,0.0384615384615385,0.192307692307692,0.0769230769230769,0.0384615384615385,0,0.0384615384615385,0,0,0,0,0,0
0,0.384615384615385,0,0,0,0.115384615384615,0.0769230769230769,0,0,0.153846153846154,0.115384615384615,0.0769230769230769,0,0.0769230769230769,0,0,0,0,0,0
0.05,0.45,0,0,0,0,0.1,0.05,0.05,0.1,0.1,0,0,0.1,0,0,0,0,0,0
0.05,0.45,0,0,0,0,0.05,0.05,0.05,0.1,0.15,0,0,0.1,0,0,0,0,0,0
0.05,0.45,0,0,0,0,0.05,0.05,0.05,0.1,0.15,0,0,0.1,0,0,0,0,0,0
0.05,0.45,0,0,0,0,0.1,0.05,0.05,0.1,0.1,0,0,0.1,0,0,0,0,0,0
0.05,0.45,0,0,0,0,0.1,0.05,0.05,0.1,0.1,0,0,0.1,0,0,0,0,0,0
0.05,0.45,0,0,0,0,0.1,0.05,0.05,0.1,0.15,0,0,0.05,0,0,0,0,0,0
0.05,0.45,0,0,0,0,0.1,0.05,0.05,0.05,0.15,0,0,0.1,0,0,0,0,0,0
0.05,0.45,0,0,0,0,0.1,0.05,0,0.1,0.15,0,0,0.1,0,0,0,0,0,0
0.05,0.45,0,0,0,0,0.1,0.05,0.05,0.1,0.15,0,0,0.05,0,0,0,0,0,0
0.05,0.4,0,0,0,0,0.1,0.05,0.05,0.1,0.15,0,0,0.1,0,0,0,0,0,0
0.05,0.45,0,0,0,0,0.1,0.05,0.05,0.05,0.15,0,0,0.1,0,0,0,0,0,0
0.05,0.45,0,0,0,0,0.1,0,0.05,0.1,0.15,0,0,0.1,0,0,0,0,0,0
0,0,0.1,0,0,0.3,0,0,0.2,0,0,0.1,0,0,0,0.1,0,0.1,0.1,0
0.1,0,0,0.1,0.2,0,0.1,0.1,0,0,0.1,0.2,0,0,0,0.1,0,0,0,0
0,0,0,0.117647058823529,0.117647058823529,0,0.117647058823529,0.117647058823529,0.117647058823529,0.0588235294117647,0.0588235294117647,0,0,0,0.0588235294117647,0.0588235294117647,0.0588235294117647,0.0588235294117647,0,0.0588235294117647
0.142857142857143,0,0,0,0,0,0,0.142857142857143,0.142857142857143,0,0,0,0,0,0,0.142857142857143,0,0,0.142857142857143,0.285714285714286
0.125,0,0,0,0,0.25,0.125,0.125,0,0,0,0,0,0,0.125,0,0.25,0,0,0
0.166666666666667,0.0833333333333333,0,0,0,0,0,0.0833333333333333,0,0,0.25,0.0833333333333333,0,0.0833333333333333,0,0,0.0833333333333333,0.0833333333333333,0.0833333333333333,0
0,0.142857142857143,0,0,0,0,0,0.142857142857143,0,0,0,0.142857142857143,0,0,0.142857142857143,0,0.142857142857143,0.142857142857143,0,0.142857142857143
0,0,0.25,0.125,0,0,0,0.125,0.125,0,0,0,0,0.125,0,0.125,0.125,0,0,0
0.181818181818182,0,0,0,0.0909090909090909,0.0909090909090909,0.0909090909090909,0.0909090909090909,0,0.0909090909090909,0,0.0909090909090909,0,0.0909090909090909,0,0,0,0.181818181818182,0,0
0,0,0.1,0,0,0,0.2,0.1,0,0.1,0,0,0,0.1,0.2,0.1,0,0,0.1,0
0,0,0.1,0,0,0.2,0,0,0,0.1,0.1,0.3,0.1,0,0,0.1,0,0,0,0
0.1,0.1,0,0.1,0,0.1,0.1,0,0.1,0,0.1,0.1,0,0,0,0,0.1,0,0,0.1
0,0.125,0.125,0,0,0,0,0,0.125,0.125,0,0.25,0,0.25,0,0,0,0,0,0
0.1,0.1,0,0.1,0,0.1,0,0.2,0,0.1,0,0,0,0,0,0.1,0,0,0.1,0.1
0.1,0,0,0,0,0,0,0.1,0,0,0.2,0.3,0,0,0.1,0,0,0.2,0,0
0.125,0.25,0,0,0,0,0,0,0,0.125,0,0.25,0,0,0.125,0,0,0,0,0.125
0.25,0.0833333333333333,0,0,0,0,0,0.0833333333333333,0,0,0.25,0.0833333333333333,0,0.0833333333333333,0,0,0,0.0833333333333333,0.0833333333333333,0
0.25,0.0833333333333333,0,0,0,0,0,0.0833333333333333,0,0,0.25,0.0833333333333333,0,0.0833333333333333,0,0,0.0833333333333333,0.0833333333333333,0,0
0.25,0.0833333333333333,0,0,0,0,0,0.0833333333333333,0,0,0.25,0.0833333333333333,0,0,0,0,0.0833333333333333,0.0833333333333333,0.0833333333333333,0
0.25,0.0833333333333333,0,0,0,0,0,0.0833333333333333,0,0,0.166666666666667,0.0833333333333333,0,0.0833333333333333,0,0,0.0833333333333333,0.0833333333333333,0.0833333333333333,0
0.25,0.0833333333333333,0,0,0,0,0,0.0833333333333333,0,0,0.166666666666667,0.0833333333333333,0,0.0833333333333333,0,0,0.0833333333333333,0.0833333333333333,0.0833333333333333,0
0.25,0.0833333333333333,0,0,0,0,0,0.0833333333333333,0,0,0.25,0,0,0.0833333333333333,0,0,0.0833333333333333,0.0833333333333333,0.0833333333333333,0
0.25,0.0833333333333333,0,0,0,0,0,0.0833333333333333,0,0,0.166666666666667,0.0833333333333333,0,0.0833333333333333,0,0,0.0833333333333333,0.0833333333333333,0.0833333333333333,0
0.25,0.0833333333333333,0,0,0,0,0,0,0,0,0.25,0.0833333333333333,0,0.0833333333333333,0,0,0.0833333333333333,0.0833333333333333,0.0833333333333333,0
0.25,0,0,0,0,0,0,0.0833333333333333,0,0,0.25,0.0833333333333333,0,0.0833333333333333,0,0,0.0833333333333333,0.0833333333333333,0.0833333333333333,0
0.25,0.0833333333333333,0,0,0,0,0,0.0833333333333333,0,0,0.25,0.0833333333333333,0,0.0833333333333333,0,0,0.0833333333333333,0,0.0833333333333333,0
0.272727272727273,0,0,0,0,0.0909090909090909,0.0909090909090909,0.0909090909090909,0,0.0909090909090909,0,0.0909090909090909,0,0.0909090909090909,0,0,0,0.181818181818182,0,0
0.272727272727273,0,0,0,0.0909090909090909,0.0909090909090909,0.0909090909090909,0.0909090909090909,0,0.0909090909090909,0,0.0909090909090909,0,0.0909090909090909,0,0,0,0.0909090909090909,0,0
0.272727272727273,0,0,0,0.0909090909090909,0.0909090909090909,0.0909090909090909,0.0909090909090909,0,0.0909090909090909,0,0.0909090909090909,0,0.0909090909090909,0,0,0,0.0909090909090909,0,0
0.272727272727273,0,0,0,0.0909090909090909,0.0909090909090909,0.0909090909090909,0,0,0.0909090909090909,0,0.0909090909090909,0,0.0909090909090909,0,0,0,0.181818181818182,0,0
0.272727272727273,0,0,0,0.0909090909090909,0.0909090909090909,0.0909090909090909,0.0909090909090909,0,0,0,0.0909090909090909,0,0.0909090909090909,0,0,0,0.181818181818182,0,0
0.272727272727273,0,0,0,0.0909090909090909,0.0909090909090909,0.0909090909090909,0.0909090909090909,0,0.0909090909090909,0,0,0,0.0909090909090909,0,0,0,0.181818181818182,0,0
0.272727272727273,0,0,0,0.0909090909090909,0.0909090909090909,0,0.0909090909090909,0,0.0909090909090909,0,0.0909090909090909,0,0.0909090909090909,0,0,0,0.181818181818182,0,0
0.272727272727273,0,0,0,0.0909090909090909,0,0.0909090909090909,0.0909090909090909,0,0.0909090909090909,0,0.0909090909090909,0,0.0909090909090909,0,0,0,0.181818181818182,0,0
0.272727272727273,0,0,0,0.0909090909090909,0.0909090909090909,0.0909090909090909,0.0909090909090909,0,0.0909090909090909,0,0.0909090909090909,0,0,0,0,0,0.181818181818182,0,0
0.166666666666667,0.0833333333333333,0,0,0,0,0,0.0833333333333333,0,0,0.25,0.0833333333333333,0,0.0833333333333333,0,0.0833333333333333,0.0833333333333333,0.0833333333333333,0,0
0.166666666666667,0.0833333333333333,0,0,0,0,0,0.0833333333333333,0,0.0833333333333333,0.25,0,0,0.0833333333333333,0,0,0.0833333333333333,0.0833333333333333,0.0833333333333333,0
0.166666666666667,0.0833333333333333,0,0,0,0,0,0.0833333333333333,0,0,0.333333333333333,0.0833333333333333,0,0.0833333333333333,0,0,0.0833333333333333,0,0.0833333333333333,0
0.181818181818182,0,0,0,0,0.0909090909090909,0.0909090909090909,0.0909090909090909,0,0.0909090909090909,0,0.0909090909090909,0,0.0909090909090909,0,0.0909090909090909,0,0.181818181818182,0,0
0.181818181818182,0,0,0,0.0909090909090909,0.0909090909090909,0.0909090909090909,0.181818181818182,0,0.0909090909090909,0,0.0909090909090909,0,0.0909090909090909,0,0,0,0.0909090909090909,0,0
0.181818181818182,0,0,0,0.0909090909090909,0.0909090909090909,0.0909090909090909,0.181818181818182,0,0.0909090909090909,0,0.0909090909090909,0,0.0909090909090909,0,0,0,0.0909090909090909,0,0
0.181818181818182,0.0909090909090909,0,0,0.0909090909090909,0.0909090909090909,0.0909090909090909,0.0909090909090909,0,0.0909090909090909,0,0,0,0.0909090909090909,0,0,0,0.181818181818182,0,0
0.166666666666667,0,0,0,0,0,0,0,0,0,0.333333333333333,0,0,0.166666666666667,0,0,0.166666666666667,0,0.166666666666667,0
0,0,0,0,0,0,0,0,0,0,0.5,0.166666666666667,0,0.166666666666667,0,0,0,0,0.166666666666667,0
0.166666666666667,0.166666666666667,0,0,0,0,0,0.166666666666667,0,0,0.166666666666667,0.166666666666667,0,0,0,0,0,0.166666666666667,0,0
0.333333333333333,0,0,0,0.166666666666667,0,0,0.166666666666667,0,0,0,0,0,0,0,0,0,0.333333333333333,0,0
0.166666666666667,0,0,0,0,0,0.166666666666667,0.166666666666667,0,0.166666666666667,0,0.166666666666667,0,0,0,0,0,0.166666666666667,0,0
0,0,0,0,0,0.2,0.2,0,0,0.2,0,0.2,0,0.2,0,0,0,0,0,0
0.166666666666667,0.0833333333333333,0,0,0,0,0,0.0833333333333333,0,0,0.25,0.0833333333333333,0,0.0833333333333333,0,0,0.0833333333333333,0.0833333333333333,0.0833333333333333,0
0.181818181818182,0,0,0,0.0909090909090909,0.0909090909090909,0.0909090909090909,0.0909090909090909,0,0.0909090909090909,0,0.0909090909090909,0,0.0909090909090909,0,0,0,0.181818181818182,0,0
0,0,0,0,0,0,0.333333333333333,0,0,0,0.5,0,0,0.166666666666667,0,0,0,0,0,0
0,0.571428571428571,0,0,0,0,0.142857142857143,0,0,0,0.214285714285714,0,0,0.0714285714285714,0,0,0,0,0,0
0,0.642857142857143,0,0,0,0,0,0.0714285714285714,0.0714285714285714,0.142857142857143,0,0,0,0.0714285714285714,0,0,0,0,0,0
0,0,0,0,0,0,0,0,0,0.0769230769230769,0.0769230769230769,0.0769230769230769,0,0,0.384615384615385,0,0,0.384615384615385,0,0
0,0,0,0,0,0,0,0,0,0,0.0833333333333333,0.0833333333333333,0,0,0.416666666666667,0,0,0.416666666666667,0,0
0,0,0,0,0,0,0,0,0,0.0833333333333333,0.0833333333333333,0.0833333333333333,0,0,0.333333333333333,0,0,0.416666666666667,0,0
0,0,0,0,0,0,0,0.0769230769230769,0,0.0769230769230769,0.0769230769230769,0,0,0,0.384615384615385,0,0,0.384615384615385,0,0
0,0.153846153846154,0,0,0,0,0,0.0769230769230769,0,0.0769230769230769,0.0769230769230769,0,0,0,0.230769230769231,0,0,0.384615384615385,0,0
0.230769230769231,0,0,0,0,0,0,0,0,0.0769230769230769,0.0769230769230769,0.0769230769230769,0,0,0.153846153846154,0,0,0.384615384615385,0,0
0.0869565217391304,0.0434782608695652,0.130434782608696,0.0869565217391304,0.0434782608695652,0.0869565217391304,0,0,0.0434782608695652,0.173913043478261,0.130434782608696,0.0869565217391304,0,0,0,0.0434782608695652,0,0,0,0.0434782608695652
0.05,0,0,0,0,0.1,0.1,0.05,0,0.15,0.05,0.15,0,0,0,0.05,0.15,0.05,0,0.1
0.05,0,0,0,0,0.25,0.05,0,0,0.05,0,0,0,0,0.05,0,0.2,0.3,0.05,0
0.05,0,0.05,0.1,0,0.05,0.1,0.1,0,0.1,0.15,0,0,0,0,0.1,0.05,0,0.05,0.1
0,0,0,0,0,0.166666666666667,0,0,0,0.166666666666667,0.333333333333333,0,0,0,0,0.166666666666667,0,0,0.166666666666667,0
0,0,0,0,0,0.166666666666667,0,0,0,0,0.5,0,0,0,0,0.166666666666667,0,0,0.166666666666667,0
0,0,0,0,0,0.2,0,0,0,0,0.4,0,0,0,0,0.2,0,0,0.2,0
0,0,0,0,0,0.2,0,0,0,0.2,0.2,0,0,0,0,0.2,0,0,0.2,0
0,0,0,0,0,0.25,0,0,0,0,0.5,0,0,0,0,0,0,0,0.25,0
0,0,0,0,0,0.25,0,0,0,0,0.25,0,0,0,0,0.25,0,0,0.25,0
0,0,0,0,0,0.333333333333333,0,0,0,0,0.666666666666667,0,0,0,0,0,0,0,0,0
0,0,0,0,0,0,0,0,0,0,1,0,0,0,0,0,0,0,0,0
0,0,0,0,0,0.5,0,0,0,0,0.5,0,0,0,0,0,0,0,0,0
0,0.1,0,0,0.05,0,0.05,0.05,0.05,0.05,0.25,0,0,0.05,0,0,0.2,0.05,0,0.1
0,0.1,0,0,0.1,0,0.1,0.1,0.1,0,0.2,0,0,0,0,0,0.2,0.1,0,0
0,0.0909090909090909,0,0,0,0,0,0,0,0.0909090909090909,0.272727272727273,0,0,0.0909090909090909,0,0,0.181818181818182,0.0909090909090909,0,0.181818181818182
0,0.1,0,0,0,0,0.1,0.1,0.1,0,0.2,0,0,0,0,0.1,0.2,0.1,0,0
0.0588235294117647,0.0588235294117647,0,0,0,0,0.176470588235294,0.0588235294117647,0,0.117647058823529,0.294117647058824,0.0588235294117647,0,0,0,0,0.0588235294117647,0.0588235294117647,0,0.0588235294117647
0.0869565217391304,0.0434782608695652,0,0,0,0.0434782608695652,0.217391304347826,0.0434782608695652,0.0434782608695652,0.130434782608696,0.217391304347826,0.0434782608695652,0,0,0,0,0.0434782608695652,0.0434782608695652,0,0.0434782608695652
0.0833333333333333,0.0555555555555556,0.0555555555555556,0,0,0.0277777777777778,0.222222222222222,0.0555555555555556,0.0277777777777778,0.111111111111111,0.194444444444444,0.0277777777777778,0,0,0,0.0277777777777778,0.0277777777777778,0.0277777777777778,0,0.0555555555555556
0.0444444444444444,0.0666666666666667,0.0222222222222222,0.0222222222222222,0,0.133333333333333,0.111111111111111,0.0222222222222222,0,0.177777777777778,0.111111111111111,0.177777777777778,0.0222222222222222,0,0,0.0222222222222222,0.0222222222222222,0.0222222222222222,0,0.0222222222222222
0.0294117647058824,0.0882352941176471,0.0294117647058824,0.0294117647058824,0,0.205882352941176,0.0588235294117647,0.0294117647058824,0,0.205882352941176,0.0294117647058824,0.205882352941176,0.0294117647058824,0,0,0.0294117647058824,0,0,0.0294117647058824,0
0.0444444444444444,0.0666666666666667,0.0222222222222222,0.0222222222222222,0,0.133333333333333,0.0888888888888889,0.0222222222222222,0,0.155555555555556,0.111111111111111,0.177777777777778,0.0222222222222222,0,0.0444444444444444,0.0222222222222222,0.0222222222222222,0.0222222222222222,0,0.0222222222222222
0.0444444444444444,0.0666666666666667,0.0222222222222222,0.0444444444444444,0,0.133333333333333,0.111111111111111,0,0,0.177777777777778,0.111111111111111,0.177777777777778,0.0222222222222222,0,0,0.0222222222222222,0.0222222222222222,0.0222222222222222,0,0.0222222222222222
0.0576923076923077,0.0576923076923077,0.0192307692307692,0.0192307692307692,0,0.134615384615385,0.134615384615385,0.0192307692307692,0.0192307692307692,0.173076923076923,0.115384615384615,0.153846153846154,0.0192307692307692,0,0,0.0192307692307692,0.0192307692307692,0.0192307692307692,0,0.0192307692307692
0.0606060606060606,0.0606060606060606,0.0454545454545455,0.0151515151515152,0,0.106060606060606,0.151515151515152,0.0303030303030303,0.0151515151515152,0.166666666666667,0.121212121212121,0.121212121212121,0.0151515151515152,0,0,0.0303030303030303,0.0151515151515152,0.0151515151515152,0,0.0303030303030303
0.0975609756097561,0.024390243902439,0,0,0,0.146341463414634,0.0975609756097561,0.024390243902439,0,0.195121951219512,0.121951219512195,0.219512195121951,0,0,0,0,0.024390243902439,0.024390243902439,0,0.024390243902439
0.129032258064516,0,0,0,0,0.258064516129032,0.032258064516129,0.0645161290322581,0,0.225806451612903,0,0.258064516129032,0,0,0,0,0,0,0.032258064516129,0
0.104166666666667,0.0208333333333333,0,0,0,0.166666666666667,0.125,0.0208333333333333,0.0208333333333333,0.1875,0.104166666666667,0.1875,0,0,0,0,0.0208333333333333,0.0208333333333333,0,0.0208333333333333
0.0967741935483871,0.032258064516129,0.032258064516129,0,0,0.129032258064516,0.145161290322581,0.032258064516129,0.0161290322580645,0.17741935483871,0.112903225806452,0.145161290322581,0,0,0,0.0161290322580645,0.0161290322580645,0.0161290322580645,0,0.032258064516129
0.0444444444444444,0.0666666666666667,0.0222222222222222,0.0222222222222222,0,0.133333333333333,0.0888888888888889,0.0222222222222222,0,0.2,0.111111111111111,0.177777777777778,0.0222222222222222,0,0,0.0222222222222222,0.0222222222222222,0.0222222222222222,0,0.0222222222222222
0.0526315789473684,0.0526315789473684,0.0263157894736842,0,0,0.131578947368421,0.105263157894737,0.0263157894736842,0,0.184210526315789,0.131578947368421,0.184210526315789,0,0,0,0.0263157894736842,0.0263157894736842,0.0263157894736842,0,0.0263157894736842
0.0526315789473684,0.0526315789473684,0.0263157894736842,0,0,0.131578947368421,0.0789473684210526,0.0263157894736842,0,0.210526315789474,0.131578947368421,0.184210526315789,0,0,0,0.0263157894736842,0.0263157894736842,0.0263157894736842,0,0.0263157894736842
0.0645161290322581,0.0645161290322581,0.032258064516129,0,0,0.0645161290322581,0.129032258064516,0.032258064516129,0,0.161290322580645,0.161290322580645,0.193548387096774,0,0,0,0,0.032258064516129,0.032258064516129,0,0.032258064516129
0.0645161290322581,0.0645161290322581,0.032258064516129,0,0,0.0645161290322581,0.0967741935483871,0.032258064516129,0,0.193548387096774,0.161290322580645,0.193548387096774,0,0,0,0,0.032258064516129,0.032258064516129,0,0.032258064516129
0,0,0,0,0,0,0,0,0,0,0.2,0,0.2,0.4,0,0,0,0,0,0.2
0,0,0,0,0,0,0,0,0,0,0.166666666666667,0,0.166666666666667,0.333333333333333,0.166666666666667,0,0,0,0,0.166666666666667
0,0,0,0,0,0,0,0,0,0,0.142857142857143,0.142857142857143,0.142857142857143,0.285714285714286,0.142857142857143,0,0,0,0,0.142857142857143
0,0,0.125,0,0,0,0,0,0,0,0.125,0.125,0.125,0.25,0.125,0,0,0,0,0.125
0,0,0,0,0,0,0,0,0,0.166666666666667,0.166666666666667,0,0,0.166666666666667,0.166666666666667,0,0,0,0.166666666666667,0.166666666666667
0,0,0,0,0,0.166666666666667,0,0,0,0,0.166666666666667,0,0,0.333333333333333,0.166666666666667,0,0,0,0,0.166666666666667
0,0,0,0,0,0.166666666666667,0,0,0,0,0.166666666666667,0,0.166666666666667,0.333333333333333,0,0,0,0,0,0.166666666666667
0,0,0,0,0,0.166666666666667,0,0,0,0,0.166666666666667,0,0.166666666666667,0.166666666666667,0.166666666666667,0,0,0,0,0.166666666666667
0,0.166666666666667,0,0,0,0,0,0,0,0,0.166666666666667,0,0,0.333333333333333,0.166666666666667,0,0,0,0,0.166666666666667
0,0.0294117647058824,0.117647058823529,0.0294117647058824,0,0.205882352941176,0.117647058823529,0,0.0294117647058824,0.0882352941176471,0.117647058823529,0.0294117647058824,0.0294117647058824,0,0,0.0882352941176471,0.0294117647058824,0.0588235294117647,0.0294117647058824,0
0,0.0294117647058824,0.0294117647058824,0.0294117647058824,0,0.264705882352941,0.0882352941176471,0,0,0.0882352941176471,0.0588235294117647,0.235294117647059,0.0294117647058824,0,0,0.0294117647058824,0.0294117647058824,0.0588235294117647,0.0294117647058824,0
0,0.0294117647058824,0.0294117647058824,0.0294117647058824,0,0.264705882352941,0.0882352941176471,0,0,0.0882352941176471,0.0588235294117647,0.235294117647059,0.0294117647058824,0,0,0.0294117647058824,0.0294117647058824,0.0588235294117647,0.0294117647058824,0
0,0,0.0285714285714286,0.0285714285714286,0,0.314285714285714,0.0571428571428571,0,0,0.0857142857142857,0.0571428571428571,0.285714285714286,0,0,0,0.0285714285714286,0.0285714285714286,0.0571428571428571,0.0285714285714286,0
0,0,0,0,0,0.285714285714286,0,0,0,0.142857142857143,0,0.285714285714286,0,0,0,0,0.142857142857143,0,0.142857142857143,0
0,0.0277777777777778,0,0.0277777777777778,0,0.277777777777778,0,0,0,0.138888888888889,0,0.222222222222222,0.0277777777777778,0,0,0,0.111111111111111,0.0555555555555556,0.111111111111111,0
0.0277777777777778,0,0.0277777777777778,0,0,0.222222222222222,0,0,0,0.111111111111111,0.0277777777777778,0.222222222222222,0,0.0277777777777778,0,0.0277777777777778,0.111111111111111,0.0833333333333333,0.111111111111111,0
0.027027027027027,0.027027027027027,0.027027027027027,0.027027027027027,0,0.216216216216216,0,0,0,0.108108108108108,0.027027027027027,0.162162162162162,0.027027027027027,0.027027027027027,0,0.027027027027027,0.0810810810810811,0.135135135135135,0.0810810810810811,0
0,0,0,0.0454545454545455,0,0.272727272727273,0,0,0,0.136363636363636,0.0454545454545455,0.272727272727273,0,0,0,0.0454545454545455,0.0454545454545455,0.0909090909090909,0.0454545454545455,0
0,0.0344827586206897,0.137931034482759,0.0344827586206897,0,0.172413793103448,0.103448275862069,0,0.0344827586206897,0.103448275862069,0.0689655172413793,0.0344827586206897,0.0344827586206897,0,0,0.103448275862069,0.0344827586206897,0.0689655172413793,0.0344827586206897,0
0,0,0.0344827586206897,0.0344827586206897,0,0.275862068965517,0.0689655172413793,0,0,0.103448275862069,0.0344827586206897,0.275862068965517,0,0,0,0.0344827586206897,0.0344827586206897,0.0689655172413793,0.0344827586206897,0
0.024390243902439,0.024390243902439,0.0975609756097561,0.0487804878048781,0,0.195121951219512,0.0975609756097561,0,0.024390243902439,0.0731707317073171,0.146341463414634,0.0487804878048781,0,0,0,0.0975609756097561,0.024390243902439,0.0731707317073171,0.024390243902439,0
0.0740740740740741,0.0740740740740741,0.0740740740740741,0,0,0.037037037037037,0.259259259259259,0.037037037037037,0.037037037037037,0.0740740740740741,0.222222222222222,0.037037037037037,0,0,0,0.037037037037037,0,0,0,0.037037037037037
0.08,0.08,0.08,0,0,0.04,0.24,0.04,0.04,0.08,0.24,0,0,0,0,0.04,0,0,0,0.04
0.0869565217391304,0.0869565217391304,0.0869565217391304,0,0,0.0434782608695652,0.260869565217391,0.0434782608695652,0.0434782608695652,0.0869565217391304,0.173913043478261,0,0,0,0,0.0434782608695652,0,0,0,0.0434782608695652
0.0909090909090909,0.0454545454545455,0.0909090909090909,0,0,0.0454545454545455,0.272727272727273,0.0454545454545455,0.0454545454545455,0.0909090909090909,0.181818181818182,0,0,0,0,0.0454545454545455,0,0,0,0.0454545454545455
0.0769230769230769,0.0769230769230769,0.0769230769230769,0,0,0.0384615384615385,0.230769230769231,0.115384615384615,0.0384615384615385,0.0769230769230769,0.192307692307692,0,0,0,0,0.0384615384615385,0,0,0,0.0384615384615385
0.037037037037037,0.037037037037037,0.0740740740740741,0.037037037037037,0,0.111111111111111,0.185185185185185,0.037037037037037,0.0740740740740741,0.111111111111111,0.148148148148148,0.037037037037037,0,0,0,0.037037037037037,0.0740740740740741,0,0,0
0.037037037037037,0.0740740740740741,0.0740740740740741,0.037037037037037,0,0.111111111111111,0.185185185185185,0.037037037037037,0.037037037037037,0.111111111111111,0.185185185185185,0.037037037037037,0,0,0,0.037037037037037,0.037037037037037,0,0,0
0.0540540540540541,0.0540540540540541,0.0540540540540541,0.027027027027027,0,0.0810810810810811,0.162162162162162,0.027027027027027,0.027027027027027,0.135135135135135,0.189189189189189,0.0810810810810811,0,0,0,0.027027027027027,0.0540540540540541,0.027027027027027,0,0
0.0810810810810811,0.0810810810810811,0.108108108108108,0,0,0.0810810810810811,0.189189189189189,0.0540540540540541,0.027027027027027,0.027027027027027,0.135135135135135,0.0540540540540541,0,0,0,0.0810810810810811,0,0.027027027027027,0,0.0540540540540541
0,0.6,0,0,0,0,0.1,0.1,0,0,0,0.2,0,0,0,0,0,0,0,0
0,0.7,0,0,0,0,0.1,0,0,0,0,0.2,0,0,0,0,0,0,0,0
0,0.7,0,0,0,0,0,0.1,0,0,0,0.2,0,0,0,0,0,0,0,0
0,0.8,0,0,0,0,0,0,0,0,0,0.2,0,0,0,0,0,0,0,0
0,1,0,0,0,0,0,0,0,0,0,0,0,0,0,0,0,0,0,0
0,0.0555555555555556,0.0555555555555556,0.111111111111111,0.111111111111111,0.0555555555555556,0,0.111111111111111,0,0,0.111111111111111,0.0555555555555556,0,0,0.0555555555555556,0,0.111111111111111,0.0555555555555556,0,0.111111111111111
0.111111111111111,0,0,0.0555555555555556,0.0555555555555556,0,0.0555555555555556,0.111111111111111,0.0555555555555556,0.111111111111111,0.0555555555555556,0,0,0.0555555555555556,0.111111111111111,0.0555555555555556,0.0555555555555556,0.111111111111111,0,0
0.0555555555555556,0,0,0.0555555555555556,0.0555555555555556,0,0.111111111111111,0.166666666666667,0.111111111111111,0.111111111111111,0,0,0,0.0555555555555556,0.0555555555555556,0.0555555555555556,0.0555555555555556,0.111111111111111,0,0
0.0555555555555556,0.0555555555555556,0.0555555555555556,0.0555555555555556,0,0,0.0555555555555556,0.166666666666667,0.111111111111111,0.111111111111111,0,0,0,0,0.0555555555555556,0.0555555555555556,0.0555555555555556,0.166666666666667,0,0
0,0.0555555555555556,0.0555555555555556,0,0.0555555555555556,0,0.111111111111111,0.0555555555555556,0.111111111111111,0.0555555555555556,0.0555555555555556,0,0,0,0.166666666666667,0.111111111111111,0.0555555555555556,0.111111111111111,0,0
0,0.0555555555555556,0.0555555555555556,0,0.0555555555555556,0,0.111111111111111,0.111111111111111,0.0555555555555556,0,0.0555555555555556,0,0,0,0.111111111111111,0.111111111111111,0,0.0555555555555556,0.111111111111111,0.111111111111111
0.0555555555555556,0.0555555555555556,0,0.111111111111111,0.0555555555555556,0.111111111111111,0,0.0555555555555556,0,0,0.0555555555555556,0,0,0,0.0555555555555556,0.111111111111111,0.111111111111111,0.0555555555555556,0,0.166666666666667
0.0555555555555556,0,0,0.0555555555555556,0.111111111111111,0.111111111111111,0,0.0555555555555556,0,0.0555555555555556,0.111111111111111,0,0,0,0.0555555555555556,0.0555555555555556,0.111111111111111,0.0555555555555556,0,0.166666666666667
0.0555555555555556,0.111111111111111,0,0.0555555555555556,0.111111111111111,0.111111111111111,0,0.0555555555555556,0,0.0555555555555556,0.111111111111111,0,0,0,0.0555555555555556,0.0555555555555556,0.0555555555555556,0.0555555555555556,0,0.111111111111111
0.0555555555555556,0.111111111111111,0,0.0555555555555556,0.0555555555555556,0.0555555555555556,0,0.111111111111111,0.0555555555555556,0,0.111111111111111,0.111111111111111,0,0.111111111111111,0.111111111111111,0,0.0555555555555556,0,0,0
0,0.277777777777778,0.0555555555555556,0,0.0555555555555556,0.0555555555555556,0,0.111111111111111,0,0,0.111111111111111,0,0.0555555555555556,0,0.111111111111111,0.0555555555555556,0,0,0,0.111111111111111
0.0555555555555556,0.0555555555555556,0.0555555555555556,0.0555555555555556,0,0.0555555555555556,0.0555555555555556,0.0555555555555556,0,0.0555555555555556,0.222222222222222,0,0,0.0555555555555556,0.166666666666667,0,0,0.0555555555555556,0,0.0555555555555556
0.277777777777778,0,0.0555555555555556,0.0555555555555556,0,0,0.0555555555555556,0.0555555555555556,0,0,0.166666666666667,0,0,0,0.0555555555555556,0,0,0.0555555555555556,0,0.222222222222222
0.0588235294117647,0.588235294117647,0.0588235294117647,0,0,0.0588235294117647,0.117647058823529,0,0,0,0,0,0,0,0,0,0.0588235294117647,0.0588235294117647,0,0
0.227272727272727,0.454545454545455,0.0454545454545455,0,0.0454545454545455,0.0454545454545455,0.0909090909090909,0,0,0,0,0,0,0,0,0,0.0454545454545455,0.0454545454545455,0,0
0.151515151515152,0.484848484848485,0.0303030303030303,0,0.0303030303030303,0.0303030303030303,0.0909090909090909,0.0303030303030303,0,0,0,0.0606060606060606,0,0,0,0,0.0303030303030303,0.0303030303030303,0.0303030303030303,0
0,0.333333333333333,0,0,0,0,0.0476190476190476,0,0,0,0,0.0952380952380952,0.0476190476190476,0,0.285714285714286,0.0476190476190476,0.0952380952380952,0.0476190476190476,0,0
0,0.40625,0,0,0,0,0.0625,0.03125,0,0,0,0.125,0.03125,0,0.1875,0.03125,0.0625,0.03125,0.03125,0
0.217391304347826,0.434782608695652,0,0,0,0.0434782608695652,0,0.130434782608696,0,0,0,0,0,0,0.0869565217391304,0.0869565217391304,0,0,0,0
0,0,0.0526315789473684,0.157894736842105,0.0526315789473684,0.0526315789473684,0,0,0,0.157894736842105,0.105263157894737,0,0.0526315789473684,0.0526315789473684,0.0526315789473684,0.157894736842105,0.0526315789473684,0,0,0.0526315789473684
0,0,0.0526315789473684,0.157894736842105,0.0526315789473684,0.0526315789473684,0,0,0,0.157894736842105,0.105263157894737,0,0.0526315789473684,0.0526315789473684,0.0526315789473684,0.157894736842105,0.0526315789473684,0,0,0.0526315789473684
0.0277777777777778,0,0.0833333333333333,0.0277777777777778,0,0.166666666666667,0.111111111111111,0.0277777777777778,0.0277777777777778,0.0555555555555556,0.166666666666667,0.0555555555555556,0,0.0277777777777778,0,0.0833333333333333,0.0277777777777778,0.0833333333333333,0.0277777777777778,0
0.0555555555555556,0,0.0833333333333333,0.0277777777777778,0,0.166666666666667,0.111111111111111,0,0.0277777777777778,0.0555555555555556,0.166666666666667,0.0555555555555556,0,0.0277777777777778,0,0.0833333333333333,0.0277777777777778,0.0833333333333333,0.0277777777777778,0
0.0277777777777778,0,0.0833333333333333,0.0277777777777778,0,0.166666666666667,0.111111111111111,0,0.0277777777777778,0.0555555555555556,0.166666666666667,0.0555555555555556,0,0.0277777777777778,0,0.0833333333333333,0.0277777777777778,0.0833333333333333,0.0277777777777778,0.0277777777777778
0.0277777777777778,0,0.0833333333333333,0.0277777777777778,0,0.166666666666667,0.111111111111111,0,0.0277777777777778,0.0555555555555556,0.194444444444444,0.0555555555555556,0,0.0277777777777778,0,0.0833333333333333,0.0277777777777778,0.0833333333333333,0.0277777777777778,0
0.0277777777777778,0,0.0833333333333333,0.0277777777777778,0,0.166666666666667,0.111111111111111,0,0.0277777777777778,0.0833333333333333,0.166666666666667,0.0555555555555556,0,0.0277777777777778,0,0.0833333333333333,0.0277777777777778,0.0833333333333333,0.0277777777777778,0
0.0277777777777778,0,0.0833333333333333,0.0277777777777778,0,0.166666666666667,0.111111111111111,0,0.0277777777777778,0.0555555555555556,0.166666666666667,0.0555555555555556,0.0277777777777778,0.0277777777777778,0,0.0833333333333333,0.0277777777777778,0.0833333333333333,0.0277777777777778,0
0.0277777777777778,0,0.0833333333333333,0.0277777777777778,0,0.166666666666667,0.111111111111111,0,0.0277777777777778,0.0555555555555556,0.166666666666667,0.0555555555555556,0,0.0277777777777778,0.0277777777777778,0.0833333333333333,0.0277777777777778,0.0833333333333333,0.0277777777777778,0
0.0277777777777778,0,0.0833333333333333,0.0277777777777778,0,0.166666666666667,0.111111111111111,0,0.0277777777777778,0.0555555555555556,0.166666666666667,0.0555555555555556,0,0.0277777777777778,0,0.0833333333333333,0.0555555555555556,0.0833333333333333,0.0277777777777778,0
0.0277777777777778,0,0.0833333333333333,0.0277777777777778,0,0.166666666666667,0.111111111111111,0,0.0277777777777778,0.0555555555555556,0.166666666666667,0.0555555555555556,0,0.0555555555555556,0,0.0833333333333333,0.0277777777777778,0.0833333333333333,0.0277777777777778,0
0.0277777777777778,0,0.0833333333333333,0.0277777777777778,0,0.166666666666667,0.111111111111111,0,0.0277777777777778,0.0555555555555556,0.166666666666667,0.0555555555555556,0,0.0277777777777778,0,0.0833333333333333,0.0277777777777778,0.0833333333333333,0.0555555555555556,0
0.0277777777777778,0,0.0833333333333333,0.0277777777777778,0,0.166666666666667,0.111111111111111,0,0.0277777777777778,0.0555555555555556,0.166666666666667,0.0555555555555556,0,0.0277777777777778,0,0.0833333333333333,0.0277777777777778,0.111111111111111,0.0277777777777778,0
0.0277777777777778,0,0.111111111111111,0.0277777777777778,0,0.166666666666667,0.111111111111111,0,0.0277777777777778,0.0555555555555556,0.166666666666667,0.0555555555555556,0,0.0277777777777778,0,0.0833333333333333,0.0277777777777778,0.0833333333333333,0.0277777777777778,0
0.0277777777777778,0,0.0833333333333333,0.0277777777777778,0,0.166666666666667,0.138888888888889,0,0.0277777777777778,0.0555555555555556,0.166666666666667,0.0555555555555556,0,0.0277777777777778,0,0.0833333333333333,0.0277777777777778,0.0833333333333333,0.0277777777777778,0
0.0277777777777778,0,0.0833333333333333,0.0555555555555556,0,0.166666666666667,0.111111111111111,0,0.0277777777777778,0.0555555555555556,0.166666666666667,0.0555555555555556,0,0.0277777777777778,0,0.0833333333333333,0.0277777777777778,0.0833333333333333,0.0277777777777778,0
0.0277777777777778,0,0.0833333333333333,0.0277777777777778,0,0.194444444444444,0.111111111111111,0,0.0277777777777778,0.0555555555555556,0.166666666666667,0.0555555555555556,0,0.0277777777777778,0,0.0833333333333333,0.0277777777777778,0.0833333333333333,0.0277777777777778,0
0.0277777777777778,0,0.0833333333333333,0.0277777777777778,0,0.166666666666667,0.111111111111111,0,0.0555555555555556,0.0555555555555556,0.166666666666667,0.0555555555555556,0,0.0277777777777778,0,0.0833333333333333,0.0277777777777778,0.0833333333333333,0.0277777777777778,0
0.0277777777777778,0.0277777777777778,0.0833333333333333,0.0277777777777778,0,0.166666666666667,0.111111111111111,0,0.0277777777777778,0.0555555555555556,0.166666666666667,0.0555555555555556,0,0.0277777777777778,0,0.0833333333333333,0.0277777777777778,0.0833333333333333,0.0277777777777778,0
0,0.15,0,0,0.05,0,0,0.15,0,0,0,0.25,0,0.2,0,0,0,0.15,0.05,0
0,0.15,0,0,0,0,0,0.15,0,0,0,0.25,0,0.25,0,0,0,0.15,0.05,0
0,0.0416666666666667,0,0,0.0416666666666667,0.0416666666666667,0.125,0.0416666666666667,0.0833333333333333,0,0.0416666666666667,0.0833333333333333,0,0.0833333333333333,0.0416666666666667,0.166666666666667,0.0416666666666667,0.0416666666666667,0.125,0
0,0.0833333333333333,0,0,0.0833333333333333,0.0833333333333333,0.0833333333333333,0.0833333333333333,0.0833333333333333,0,0.0833333333333333,0.0833333333333333,0,0,0,0.166666666666667,0.0833333333333333,0,0.0833333333333333,0
0,0,0,0,0.0714285714285714,0,0.142857142857143,0,0.0714285714285714,0,0,0.0714285714285714,0,0.142857142857143,0.0714285714285714,0.214285714285714,0,0.0714285714285714,0.142857142857143,0
0,0,0,0,0.05,0.05,0.15,0.05,0.1,0,0.05,0.05,0,0.1,0.05,0.15,0.05,0,0.15,0
0,0,0,0,0.0625,0.0625,0.0625,0.0625,0.125,0,0.0625,0,0,0.0625,0.0625,0.1875,0.0625,0,0.1875,0
0.0833333333333333,0.0833333333333333,0.166666666666667,0,0,0.0833333333333333,0,0,0,0.166666666666667,0,0,0.166666666666667,0,0.0833333333333333,0.0833333333333333,0,0.0833333333333333,0,0
0,0,0,0,0.166666666666667,0,0,0,0.166666666666667,0,0,0.166666666666667,0,0.166666666666667,0,0,0,0.333333333333333,0,0
0,0,0,0,0.166666666666667,0,0,0,0.166666666666667,0.166666666666667,0,0.166666666666667,0,0.166666666666667,0,0,0,0.166666666666667,0,0
0,0,0,0,0.166666666666667,0,0,0,0.166666666666667,0,0,0.166666666666667,0,0.333333333333333,0,0,0,0.166666666666667,0,0
0.166666666666667,0,0,0,0.166666666666667,0,0,0,0.166666666666667,0,0,0.166666666666667,0,0.166666666666667,0,0,0,0.166666666666667,0,0
0.166666666666667,0,0,0,0.166666666666667,0,0,0,0.166666666666667,0,0,0.166666666666667,0,0.166666666666667,0,0,0,0.166666666666667,0,0
0.166666666666667,0,0,0,0.166666666666667,0,0,0,0.166666666666667,0,0,0.166666666666667,0,0,0,0,0,0.333333333333333,0,0
0.166666666666667,0,0,0,0.166666666666667,0,0,0,0,0,0,0.166666666666667,0,0.166666666666667,0,0,0,0.333333333333333,0,0
0.166666666666667,0,0,0,0,0,0,0,0.166666666666667,0,0,0.166666666666667,0,0.166666666666667,0,0,0,0.333333333333333,0,0
0.166666666666667,0,0,0,0.166666666666667,0,0,0,0.166666666666667,0,0,0,0,0.166666666666667,0,0,0,0.333333333333333,0,0
0,0.05,0.1,0.1,0.1,0,0,0.1,0,0,0.1,0,0,0,0.1,0,0.05,0.15,0,0.15
0.05,0,0.1,0.05,0.15,0,0,0.05,0,0,0.1,0,0,0.05,0.15,0,0.05,0.1,0,0.15
0.1,0,0.05,0.05,0.15,0,0.05,0.1,0,0,0.05,0,0,0.05,0.15,0,0,0.1,0,0.15
0.0714285714285714,0.0357142857142857,0.0714285714285714,0.0714285714285714,0.107142857142857,0,0.0357142857142857,0.107142857142857,0,0,0.0714285714285714,0,0,0.0357142857142857,0.107142857142857,0,0.0357142857142857,0.107142857142857,0,0.142857142857143
0.1,0,0,0,0,0.15,0,0.25,0,0,0.15,0,0,0.05,0.05,0.05,0.1,0,0.05,0.05
0,0.05,0.1,0.1,0,0,0,0.1,0,0,0.1,0,0,0,0.1,0.1,0.05,0.15,0,0.15
0.1,0,0.05,0.05,0,0,0.05,0.1,0,0,0.05,0,0,0.05,0.15,0.15,0,0.1,0,0.15
0,0.05,0.1,0.1,0.1,0,0,0.1,0,0,0.1,0,0,0,0.1,0,0.05,0.15,0,0.15
0.1,0,0.05,0.05,0.15,0,0.05,0.1,0,0,0.05,0,0,0.05,0.15,0,0,0.1,0,0.15
0,0,0.125,0,0,0,0,0.125,0,0.125,0,0,0,0,0,0.125,0,0.25,0.125,0.125
0,0.166666666666667,0,0,0,0,0,0.0555555555555556,0,0.0555555555555556,0.0555555555555556,0.388888888888889,0,0.222222222222222,0,0.0555555555555556,0,0,0,0
0.1,0.133333333333333,0,0.0333333333333333,0.2,0.0333333333333333,0.0333333333333333,0.1,0,0.1,0.0333333333333333,0,0,0.0333333333333333,0.0333333333333333,0,0.0333333333333333,0.0333333333333333,0.1,0
0,0.333333333333333,0,0,0.333333333333333,0,0,0.111111111111111,0,0.0555555555555556,0.0555555555555556,0,0,0,0,0,0,0,0,0.111111111111111
0,0.5,0,0,0,0,0,0,0,0,0,0,0,0,0,0,0,0.375,0.125,0
0,0.5,0,0,0,0,0,0,0,0,0,0,0,0,0,0,0,0.375,0.125,0
0,0.428571428571429,0,0,0,0,0,0,0,0,0,0,0,0,0,0,0,0.571428571428571,0,0
0,0.428571428571429,0,0,0,0,0,0,0,0,0,0,0,0,0,0,0,0.571428571428571,0,0
0.1,0.4,0,0,0,0,0,0,0,0,0,0,0,0,0,0,0,0.4,0.1,0
0.1,0.4,0,0,0,0,0,0,0,0,0,0,0,0,0,0,0,0.4,0.1,0
0,0.833333333333333,0,0,0,0,0,0,0,0,0,0,0,0,0,0,0,0.166666666666667,0,0
0,0.833333333333333,0,0,0,0,0,0,0,0,0,0,0,0,0,0,0,0.166666666666667,0,0
0,0.315789473684211,0,0,0,0,0,0,0,0,0,0.210526315789474,0,0,0,0,0,0.473684210526316,0,0
0.0350877192982456,0.228070175438596,0.0263157894736842,0.0175438596491228,0.087719298245614,0.0350877192982456,0.0175438596491228,0.12280701754386,0.0263157894736842,0.043859649122807,0.043859649122807,0.0789473684210526,0,0.0350877192982456,0.0614035087719298,0.0175438596491228,0.0263157894736842,0.0087719298245614,0.043859649122807,0.043859649122807
0,0.25,0,0,0,0,0.0833333333333333,0,0.0833333333333333,0.166666666666667,0.0833333333333333,0,0.25,0,0,0,0.0833333333333333,0,0,0
0.0833333333333333,0.25,0,0,0,0,0.0833333333333333,0,0,0.166666666666667,0.0833333333333333,0,0.25,0,0,0,0.0833333333333333,0,0,0
0.0833333333333333,0.25,0,0,0,0,0.0833333333333333,0,0.0833333333333333,0.166666666666667,0,0,0.25,0,0,0,0.0833333333333333,0,0,0
0.0833333333333333,0.25,0,0,0,0,0.0833333333333333,0,0.0833333333333333,0.166666666666667,0.0833333333333333,0,0.166666666666667,0,0,0,0.0833333333333333,0,0,0
0.0833333333333333,0.25,0,0,0,0,0.0833333333333333,0,0.0833333333333333,0.0833333333333333,0.0833333333333333,0,0.25,0,0,0,0.0833333333333333,0,0,0
0.0833333333333333,0.166666666666667,0,0,0,0,0.0833333333333333,0,0.0833333333333333,0.166666666666667,0.0833333333333333,0,0.25,0,0,0,0.0833333333333333,0,0,0
0.0833333333333333,0.25,0,0,0,0,0,0,0.0833333333333333,0.166666666666667,0.0833333333333333,0,0.25,0,0,0,0.0833333333333333,0,0,0
0.0833333333333333,0.25,0,0,0,0,0.0833333333333333,0,0.0833333333333333,0.166666666666667,0.0833333333333333,0,0.166666666666667,0,0,0,0.0833333333333333,0,0,0
0.0833333333333333,0.25,0,0,0,0,0.0833333333333333,0,0.0833333333333333,0.166666666666667,0.0833333333333333,0,0.166666666666667,0,0,0,0.0833333333333333,0,0,0
0.0833333333333333,0.25,0,0,0,0,0.0833333333333333,0,0.0833333333333333,0.166666666666667,0.0833333333333333,0,0.25,0,0,0,0,0,0,0
0,0.222222222222222,0,0,0,0,0.111111111111111,0,0,0.111111111111111,0.111111111111111,0,0.333333333333333,0,0,0,0.111111111111111,0,0,0
0,0.375,0,0,0,0,0,0,0.125,0.25,0.125,0,0.125,0,0,0,0,0,0,0
0,0.4,0,0,0,0,0,0,0,0.2,0.2,0,0.2,0,0,0,0,0,0,0
0,0.25,0,0,0.0833333333333333,0.0833333333333333,0.0833333333333333,0,0.0833333333333333,0.0833333333333333,0.0833333333333333,0,0,0,0,0.166666666666667,0,0,0,0.0833333333333333
0.0526315789473684,0.140350877192982,0.0350877192982456,0,0.0701754385964912,0.0350877192982456,0.0175438596491228,0.0526315789473684,0.0526315789473684,0,0.105263157894737,0.087719298245614,0,0,0.140350877192982,0.0526315789473684,0.0350877192982456,0.0350877192982456,0,0.087719298245614
